PLAYER,TEAM,DFGM,DFGA,DFG%,FG%,MIN,SCREEN ASSISTS,SCREEN ASSISTS PTS,DEFLECTIONS,OFF LOOSE BALLS RECOVERED,DEF LOOSE BALLS RECOVERED,LOOSE BALLS RECOVERED,RECOVERED OFF,RECOVERED DEF,CHARGES DRAWN,CONTESTED 2PT SHOTS,CONTESTED 3PT SHOTS,TOTAL CONTESTED SHOTS,DIST. FEET,FEET PER MIN,DIST. MILES,DIST. MILES OFF,DIST. MILES DEF,AVG SPEED,AVG SPEED OFF,AVG SPEED DEF
Brook Lopez,MIL,10.4,22.6,46,50.5,30.4,2.9,6.6,1,0.2,0.2,0.4,55.2,44.8,0,15.7,1.7,17.4,10983.4,361.30,2.08,1.11,0.97,3.86,4.13,3.6
Nikola Jokic,DEN,10.3,20.3,50.9,50.1,33.7,4.1,9.3,3.2,0.4,0.3,0.7,60,40,0.06,6.5,2,8.5,12119.4,359.63,2.3,1.25,1.05,3.84,4.21,3.47
Joel Embiid,PHI,9.2,19.2,47.8,49.6,34.6,2.3,5.1,1.5,0.6,0.3,0.9,61,39,0.03,8.5,1.7,10.2,11581.4,334.72,2.19,1.14,1.05,3.57,3.69,3.44
Domantas Sabonis,SAC,9.9,18.4,53.8,51.1,34.6,5.5,13.3,1.6,0.4,0.3,0.7,57.7,42.3,0.04,8.1,1.4,9.5,13837.7,399.93,2.62,1.37,1.25,4.25,4.58,3.93
Rudy Gobert,MIN,8.6,18.2,47.3,50,30.7,4.9,11.5,1.4,0.1,0.2,0.3,45.5,54.5,0.01,8.3,1.8,10.1,12019.8,391.52,2.28,1.2,1.08,4.16,4.42,3.9
Evan Mobley,CLE,8.4,17.9,47.1,48.7,34.4,2.7,6.1,1.8,0.4,0.3,0.7,55.6,44.4,0.01,7.8,3.6,11.3,13255.3,385.33,2.51,1.35,1.16,4.08,4.35,3.82
Ivica Zubac,LAC,8.3,17.7,47,50.6,28.5,4.3,9.5,0.7,0.2,0.3,0.5,43.6,56.4,0,9.2,2.2,11.4,10742,376.91,2.03,1.09,0.94,4.02,4.25,3.78
Kristaps Porzingis,WAS,7.7,17.6,44,49,32.6,2.8,6.1,1.3,0.2,0.2,0.5,50,50,0,8.6,2.7,11.3,11916.5,365.54,2.26,1.23,1.02,3.89,4.13,3.63
Anthony Davis,LAL,7.9,17.3,45.6,50.4,34,3.2,7.1,2.1,0.5,0.6,1,45.6,54.4,0.04,8.1,2.5,10.6,11974.9,352.20,2.27,1.21,1.05,3.76,4.03,3.49
Myles Turner,IND,8.5,17.1,49.7,50.5,29.4,3.5,7.9,1.3,0.3,0.1,0.4,65.4,34.6,0,9,1.7,10.8,11168.6,379.88,2.12,1.11,1,4.04,4.36,3.73
RaiQuan Gray,BKN,8,17,47.1,51.8,35.1,5,12,1,0,0,0,0,0,0,7,2,9,13226,376.81,2.5,1.31,1.2,3.94,4.43,3.53
Nikola Vucevic,CHI,8.9,17,52.7,50.8,33.5,4.2,9,2,0.3,0.2,0.5,51.2,48.8,0.01,6,2.2,8.2,12063.1,360.09,2.28,1.19,1.1,3.85,4.07,3.63
Al Horford,BOS,7.4,16.4,45.3,48.6,30.5,1.9,4.4,1.2,0.3,0.2,0.5,65.5,34.5,0,6.5,3.6,10.1,11245.7,368.71,2.13,1.13,1,3.93,4.2,3.67
Jusuf Nurkic,POR,8.3,16.2,50.9,51,26.8,4.4,10.9,2,0.3,0.3,0.6,56.7,43.3,0.02,7.7,1.2,8.9,9723.1,362.80,1.84,0.99,0.85,3.87,4.12,3.62
Jarrett Allen,CLE,7.6,16,47.3,49.5,32.6,3.8,9,1.5,0.5,0.3,0.8,59.6,40.4,0.06,8.6,2.6,11.1,12050.9,369.66,2.28,1.2,1.08,3.92,4.04,3.79
Nic Claxton,BKN,7.2,15.9,44.9,49.4,29.9,3.6,8.3,2.3,0.2,0.2,0.5,50,50,0,9.2,2.9,12.1,11869.8,396.98,2.25,1.17,1.08,4.24,4.5,3.99
Jakob Poeltl,TOR,8.2,15.8,52.2,49.9,26.5,3.5,7.6,2,0.2,0.3,0.5,39.4,60.6,0.04,7.7,1.7,9.3,10790.5,407.19,2.04,1.1,0.95,4.35,4.68,4.02
Cade Cunningham,DET,6.7,15.5,43,47.9,33.3,0.4,0.8,2,0.3,0.5,0.8,40,60,0,3.5,3.3,6.8,13146.8,394.80,2.49,1.39,1.1,4.18,4.67,3.67
Alperen Sengun,HOU,7.8,15.4,50.4,50,28.9,3.4,7.7,1.8,0.3,0.2,0.6,59.5,40.5,0.12,6.7,1.7,8.4,10442.8,361.34,1.98,1.05,0.92,3.85,3.92,3.77
Kelly Olynyk,UTA,7.7,15.3,49.9,48.9,28.6,1.6,3.8,1.9,0.2,0.3,0.5,41.9,58.1,0.18,4.4,2.5,6.9,10977.1,383.81,2.08,1.15,0.92,4.07,4.5,3.64
Wendell Carter Jr.,ORL,7.8,15.3,51.1,49.4,29.6,3.8,8.3,1.1,0.3,0.2,0.5,56.7,43.3,0,5.3,2.4,7.7,10757.3,363.42,2.04,1.08,0.96,3.86,4.17,3.56
Draymond Green,GSW,6.6,15.2,43.2,48.8,31.5,3.2,8.3,2.8,0.2,0.2,0.5,48.5,51.5,0.18,6.8,3.2,10.1,11521,365.75,2.18,1.16,1.02,3.89,4.29,3.51
Fred VanVleet,TOR,7.5,15.1,49.7,47.2,36.7,0.4,0.9,3.8,0.3,0.7,0.9,29.7,70.3,0.01,1.6,2.6,4.1,14509.8,395.36,2.75,1.54,1.21,4.18,4.67,3.68
Scottie Barnes,TOR,7.6,14.9,50.9,48.3,34.8,1.1,2.5,1.9,0.4,0.3,0.7,55.6,44.4,0.01,4.2,2.7,6.9,13943.2,400.67,2.64,1.41,1.23,4.25,4.58,3.92
Deandre Ayton,PHX,7.1,14.9,47.7,50.3,30.4,4.5,9.7,1.1,0.2,0.2,0.4,57.1,42.9,0,7.5,2.1,9.6,10978.6,361.14,2.08,1.12,0.96,3.85,4.1,3.6
Kevin Porter Jr.,HOU,7.4,14.8,49.9,46.7,34.3,0.1,0.1,2.4,0.4,0.4,0.8,53.3,46.7,0.05,1.8,3.1,5,13297,387.67,2.52,1.37,1.15,4.11,4.31,3.9
Kevin Durant,PHX,6.3,14.8,42.2,47.8,35.6,0.5,1,1.3,0.5,0.2,0.7,67.7,32.3,0,5.2,3,8.2,12297.8,345.44,2.33,1.25,1.08,3.69,3.98,3.39
Mikal Bridges,BKN,6.8,14.7,46.1,47.6,35.7,0.3,0.6,2,0.3,0.3,0.6,52.8,47.2,0,3.2,2.2,5.3,14247.8,399.10,2.7,1.46,1.24,4.25,4.55,3.93
Clint Capela,ATL,7.5,14.7,50.9,50.3,26.6,4.5,9.7,1.1,0.3,0.2,0.5,61.8,38.2,0.25,7.6,1.6,9.2,10098.6,379.65,1.91,1,0.92,4.03,4.23,3.84
Isaiah Stewart,DET,7.2,14.7,48.8,48.8,28.3,2.5,5.8,0.7,0.4,0.1,0.5,76,24,0,7.2,3.6,10.8,10830.6,382.71,2.05,1.09,0.96,4.07,4.31,3.83
Jabari Smith Jr.,HOU,7.2,14.7,49.1,48.1,31,0.5,1.3,1.6,0.3,0.2,0.5,65.8,34.2,0,4.4,3.3,7.7,11904.5,384.02,2.25,1.22,1.03,4.08,4.29,3.86
Shai Gilgeous-Alexander,OKC,6.7,14.7,46,46.9,35.5,0.4,0.9,3.6,0.5,0.6,1,45.1,54.9,0,3.6,3.3,6.9,13400,377.46,2.54,1.37,1.16,3.99,4.49,3.53
Walker Kessler,UTA,7,14.6,47.5,49.9,23,2.7,6.6,0.8,0.3,0.1,0.4,70,30,0,9.3,1.6,10.8,9319.7,405.20,1.77,0.95,0.81,4.28,4.54,4.02
Luka Doncic,DAL,7,14.5,48,47.4,36.2,0.1,0.2,2.9,0.5,0.4,0.8,53.6,46.4,0.06,2.6,2.4,5,12461.6,344.24,2.36,1.34,1.02,3.65,4.04,3.24
Zach Collins,SAS,7.3,14.5,50.2,50.6,22.9,3.3,7.2,0.9,0.2,0.2,0.4,50,50,0.06,8.7,1.5,10.2,8779.4,383.38,1.66,0.9,0.77,4.05,4.39,3.71
Kevon Looney,GSW,6.9,14.4,48,49.7,23.9,3.7,9.4,1.1,0.1,0.2,0.3,42.3,57.7,0,7,2.4,9.4,8999.1,376.53,1.7,0.88,0.82,4.02,4.2,3.84
Buddy Hield,IND,6.8,14.4,47.5,47.1,31,0.5,1,2.1,0.4,0.4,0.8,50.7,49.3,0,2.8,2.8,5.5,13062.4,421.37,2.47,1.35,1.13,4.47,5,3.97
Bam Adebayo,MIA,7,14.4,48.7,49.4,34.6,4.4,10.4,1.8,0.4,0.2,0.7,64.7,35.3,0.03,5.2,2.3,7.4,12940.8,374.01,2.45,1.31,1.14,3.97,4.25,3.69
Julius Randle,NYK,6.9,14.3,48.6,47.6,35.5,0.8,1.9,1.3,0.6,0.3,0.8,68.9,31.1,0,3,2.8,5.8,13161.5,370.75,2.49,1.38,1.11,3.92,4.19,3.63
Steven Adams,MEM,6.3,14.2,44.3,50.6,27,5.6,12.6,1.6,0.6,0.2,0.8,75.8,24.2,0.02,7.1,1.7,8.8,10210.8,378.18,1.93,1.01,0.92,4.02,4.19,3.85
Pascal Siakam,TOR,7.1,14.2,50.3,48.2,37.4,0.8,2,2.1,0.4,0.4,0.8,53.6,46.4,0.03,3.5,2.9,6.4,14312,382.67,2.71,1.48,1.23,4.07,4.49,3.65
Jaren Jackson Jr.,MEM,6.3,14.1,44.4,49.2,28.4,1.4,3.1,2,0.3,0.4,0.8,42.6,57.4,0,8.5,2.4,10.8,11183.1,393.77,2.12,1.09,1.02,4.17,4.44,3.91
Mason Plumlee,LAC,7.2,14.1,51.2,50,26,3.7,8.3,1.5,0.4,0.2,0.6,70.2,29.8,0.01,4.6,1.4,6,10402.3,400.09,1.97,1.06,0.91,4.26,4.6,3.92
Anfernee Simons,POR,6.9,14,49,47.2,35,0.2,0.6,1.6,0.2,0.3,0.4,40.7,59.3,0.03,2.4,2.2,4.6,13611.3,388.89,2.58,1.44,1.14,4.13,4.52,3.72
John Collins,ATL,6.9,13.9,49.8,48.4,30,1.5,3.4,0.9,0.3,0.2,0.5,52.9,47.1,0.2,5.2,3.6,8.8,11449.7,381.66,2.17,1.13,1.03,4.07,4.31,3.84
Jrue Holiday,MIL,6.3,13.9,45.5,47.9,32.6,0.1,0.2,2.5,0.4,0.4,0.8,52.8,47.2,0.01,2.4,2.5,4.9,12711.1,389.91,2.41,1.28,1.12,4.17,4.55,3.81
Karl-Anthony Towns,MIN,6.1,13.9,44.3,47.5,33,1.7,3.9,1.2,0.3,0.3,0.7,50,50,0.03,5,2.9,7.9,12332.4,373.71,2.34,1.2,1.14,3.95,4.13,3.77
Paul George,LAC,6.7,13.8,48.3,48.1,34.6,0.4,1,3.6,0.4,0.6,1,38.9,61.1,0.05,3,2.7,5.7,12950.1,374.28,2.45,1.35,1.1,3.97,4.32,3.6
CJ McCollum,NOP,6.5,13.7,47.7,46.5,35.3,0.4,0.8,1.5,0.3,0.3,0.7,52,48,0.03,2.4,2.9,5.3,14100,399.43,2.67,1.49,1.18,4.25,4.82,3.69
Royce O'Neale,BKN,6.4,13.7,46.5,48.1,31.7,0.8,1.8,1.6,0.2,0.3,0.5,47.4,52.6,0.01,2.5,2.2,4.7,12236.8,386.02,2.32,1.27,1.05,4.11,4.58,3.66
Maxi Kleber,DAL,6.4,13.7,46.6,47.7,25.1,1.9,4.6,1.2,0.1,0.2,0.3,45.5,54.5,0.03,6.9,2.6,9.5,9319.9,371.31,1.77,0.95,0.81,3.91,4.08,3.72
Austin Reaves,LAL,6.2,13.6,45.5,46.2,28.8,0.3,0.6,1.1,0.2,0.2,0.4,48.1,51.9,0.3,2.8,2.4,5.3,11146.5,387.03,2.11,1.15,0.96,4.11,4.44,3.77
Harrison Barnes,SAC,6.4,13.5,47.3,48,32.5,0.4,1,1.1,0.2,0.1,0.4,60,40,0.09,3.7,2.8,6.5,13165.4,405.09,2.49,1.32,1.17,4.3,4.7,3.92
P.J. Washington,CHA,6.2,13.5,46,48.1,32.6,0.9,2.2,1.9,0.3,0.3,0.6,54.8,45.2,0,4,3.1,7.1,12965.1,397.70,2.46,1.34,1.11,4.24,4.71,3.78
Andrew Wiggins,GSW,6.5,13.4,48.2,47,32.2,0.8,2.2,2.2,0.3,0.3,0.7,48,52,0.03,4.5,3.5,8,12314.7,382.44,2.33,1.22,1.12,4.07,4.38,3.77
RJ Barrett,NYK,6,13.4,45,46.8,33.9,0.2,0.5,0.8,0.3,0.3,0.6,48.9,51.1,0,2.8,2.5,5.3,13475.8,397.52,2.55,1.39,1.16,4.21,4.5,3.91
Kyrie Irving,DAL,6.1,13.4,45.8,47,37.3,0.5,1.1,2.1,0.5,0.5,1,51.7,48.3,0.08,2.8,1.8,4.6,13759.6,368.89,2.61,1.4,1.21,3.92,4.27,3.58
Bogdan Bogdanovic,ATL,6.3,13.3,47.5,46.9,27.9,0.6,1.3,1.9,0.1,0.1,0.3,42.9,57.1,0.02,2.8,3.3,6.1,11095.2,397.68,2.1,1.16,0.94,4.2,4.7,3.72
Lauri Markkanen,UTA,6.1,13.3,45.6,48.4,34.4,1.1,2.4,1.3,0.3,0.1,0.4,80,20,0,5.1,2.2,7.3,13311,386.95,2.52,1.39,1.13,4.08,4.45,3.7
Paolo Banchero,ORL,6.3,13.3,47.3,48.4,33.7,0.8,1.7,1.3,0.2,0.3,0.5,44.1,55.9,0.08,3.4,3.2,6.6,13199.4,391.67,2.5,1.36,1.14,4.15,4.58,3.73
De'Aaron Fox,SAC,6.5,13.3,48.8,46.6,33.4,0.2,0.5,2.7,0.4,0.2,0.7,64.6,35.4,0.07,1.8,3.1,5,13188.5,394.87,2.5,1.33,1.17,4.17,4.64,3.74
Dorian Finney-Smith,BKN,6.3,13.2,47.4,48.5,30.4,0.8,1.9,1.5,0.4,0.3,0.7,58.3,41.7,0,4.2,1.9,6.1,11626,382.43,2.2,1.17,1.03,4.07,4.2,3.92
LaMelo Ball,CHA,6.4,13.1,48.8,46.2,35.2,0.1,0.2,2.5,0.3,0.6,0.9,34.4,65.6,0,1.5,1.7,3.2,14639.6,415.90,2.77,1.52,1.26,4.41,4.94,3.91
Josh Hart,NYK,6.4,13.1,48.6,48,32.3,0.4,1.1,1.8,0.5,0.4,0.9,52.9,47.1,0,2.6,2.2,4.8,12541,388.27,2.38,1.27,1.1,4.1,4.33,3.87
Jaden McDaniels,MIN,6,13.1,46,47.3,30.6,0.2,0.5,2.3,0.2,0.3,0.4,37.1,62.9,0.01,4.2,2.9,7.1,12831.9,419.34,2.43,1.25,1.18,4.45,4.67,4.24
Caleb Martin,MIA,6.6,13.1,50.8,46.8,29.3,0.3,0.8,2,0.3,0.3,0.6,53.5,46.5,0.23,1.9,2.5,4.4,12634.1,431.20,2.39,1.29,1.1,4.58,4.92,4.22
Mikal Bridges,BKN,6.2,13,47.8,47.4,35.7,0.3,0.6,2,0.3,0.3,0.6,52.8,47.2,0,3.2,2.2,5.3,14247.8,399.10,2.7,1.46,1.24,4.25,4.55,3.93
Louis King,PHI,4,13,30.8,46.2,28.8,1,2,1,1,0,1,100,0,0,2,0,2,11364,394.58,2.15,1.19,0.96,4.24,4.29,4.19
Jonas Valanciunas,NOP,6.7,13,51.7,51.2,24.9,2.8,6.1,0.7,0.2,0.1,0.4,61.3,38.7,0,5.5,1.1,6.7,9358.6,375.85,1.77,0.92,0.85,4.03,4.24,3.83
Deni Avdija,WAS,6.3,12.9,48.4,47.6,26.6,0.3,0.8,1.3,0.4,0.3,0.7,52.9,47.1,0,3.4,2,5.5,10448.6,392.80,1.98,1.08,0.9,4.16,4.41,3.9
Jaylen Brown,BOS,6,12.9,46.2,47.6,35.9,0.4,1,2.1,0.6,0.3,0.9,62.3,37.7,0.01,2.9,2.1,5.1,13571.5,378.04,2.57,1.37,1.2,4.02,4.33,3.72
Devin Booker,PHX,6.1,12.9,47.7,46.6,34.6,0.3,0.7,1.9,0.4,0.4,0.8,48.8,51.2,0.02,2.1,2.2,4.3,12974.5,374.99,2.46,1.37,1.09,3.97,4.4,3.54
Zach LaVine,CHI,5.7,12.9,44,46.3,35.9,0.3,0.7,1.3,0.3,0.2,0.5,67.6,32.4,0,2.4,3.2,5.7,13892.7,386.98,2.63,1.41,1.22,4.11,4.53,3.72
James Harden,PHI,6,12.8,46.3,46.9,36.8,0.1,0.2,2,0.4,0.4,0.8,53.3,46.7,0.05,1.9,2.6,4.5,12263.1,333.24,2.32,1.28,1.05,3.55,3.84,3.24
Jalen Duren,DET,6.2,12.8,48.7,49.1,24.9,3.8,8.3,1,0.2,0.2,0.5,50,50,0,5.7,2.3,8,9858.6,395.93,1.87,0.98,0.89,4.16,4.26,4.06
Dillon Brooks,MEM,5.6,12.7,44.3,47,30.3,0.4,0.9,2.1,0.1,0.3,0.4,33.3,66.7,0.01,1.7,2.1,3.8,11587,382.41,2.19,1.09,1.11,4.05,4.11,3.99
Giannis Antetokounmpo,MIL,5.3,12.7,42,48.5,32.1,1.8,4.1,1.5,0.6,0.4,0.9,60.3,39.7,0.05,4.3,2.2,6.6,11953.3,372.38,2.26,1.25,1.02,3.95,4.43,3.49
Derrick White,BOS,5.7,12.7,44.4,46.9,28.3,0.4,1,1.6,0.1,0.2,0.4,37.5,62.5,0.16,4.1,2.1,6.2,10846.1,383.25,2.05,1.11,0.95,4.09,4.41,3.77
Onyeka Okongwu,ATL,5.9,12.6,46.8,48.9,23.1,4,8.9,1.3,0.3,0.2,0.5,59,41,0.01,6.5,1.6,8.1,9020.5,390.50,1.71,0.88,0.83,4.14,4.33,3.96
Terry Rozier,CHA,6.6,12.6,52.4,46.9,35.3,0.2,0.5,1.7,0.4,0.4,0.8,52,48,0.03,1.5,1.9,3.4,14298.6,405.06,2.71,1.5,1.21,4.33,4.79,3.87
Jalen Brunson,NYK,6.2,12.6,49.2,45.6,35,0.4,1.1,1.5,0.5,0.3,0.9,61.7,38.3,0.4,1.9,3.3,5.3,13748.8,392.82,2.6,1.49,1.11,4.17,4.6,3.71
De'Andre Hunter,ATL,5.8,12.6,46.5,47,31.7,0.5,1.1,1.4,0.2,0.2,0.4,53.8,46.2,0.06,2.6,3.1,5.7,12092.4,381.46,2.29,1.23,1.06,4.05,4.42,3.68
Josh Giddey,OKC,6.2,12.6,49,47.5,31.1,0.2,0.5,1.4,0.3,0.2,0.5,54.3,45.7,0.01,2.1,2.5,4.5,12674.1,407.53,2.4,1.28,1.12,4.34,4.75,3.94
Jamal Murray,DEN,6.2,12.4,49.8,46.5,32.8,0.4,0.9,1.9,0.3,0.4,0.7,46.8,53.2,0.08,2.5,2.7,5.2,12862.6,392.15,2.44,1.35,1.09,4.17,4.61,3.73
Anthony Edwards,MIN,5.8,12.4,46.6,46.8,36,0,0.1,2.6,0.3,0.3,0.6,51,49,0,2.2,2.3,4.5,13490.3,374.73,2.55,1.36,1.2,3.96,4.28,3.65
Luguentz Dort,OKC,5.6,12.4,45.4,46.7,30.7,0.2,0.5,1.6,0.3,0.5,0.8,40.7,59.3,0.08,2.3,2.9,5.1,12220.5,398.06,2.31,1.21,1.1,4.23,4.56,3.92
Tyler Herro,MIA,6,12.3,48.4,46.6,34.9,0.3,0.6,1.3,0.2,0.3,0.5,39.4,60.6,0,2.3,2.3,4.6,13990.9,400.89,2.65,1.45,1.2,4.27,4.63,3.9
Zion Williamson,NOP,5.2,12.3,42.4,46.8,33,0.9,2.1,2.1,0.5,0.3,0.8,58.3,41.7,0,2.1,2.6,4.8,13026.6,394.75,2.47,1.34,1.12,4.19,4.67,3.74
Drew Eubanks,POR,6.1,12.3,49.6,49.4,20.3,3.3,7.7,1.2,0.3,0.1,0.4,70,30,0.1,5.1,1.1,6.2,7909.3,389.62,1.5,0.81,0.69,4.16,4.39,3.91
Kyle Kuzma,WAS,5.4,12.2,44.3,47.6,35,0.4,0.9,1,0.3,0.3,0.6,47.2,52.8,0.08,3.2,1.9,5.2,13517.3,386.21,2.56,1.42,1.14,4.09,4.44,3.73
Dejounte Murray,ATL,6.2,12.2,50.7,47.5,36.4,0.1,0.3,3.1,0.4,0.4,0.8,45.8,54.2,0,2,1.5,3.5,14148.2,388.69,2.68,1.47,1.21,4.14,4.57,3.71
Kawhi Leonard,LAC,5.4,12.2,44.5,47.8,33.6,0.4,0.9,2.8,0.5,0.2,0.7,66.7,33.3,0.02,3.2,2.5,5.7,13066.6,388.89,2.47,1.37,1.1,4.12,4.48,3.76
Christian Wood,DAL,5.9,12.2,48.5,48,25.9,1.7,3.9,0.6,0.2,0.3,0.5,42.4,57.6,0,5.8,1.9,7.7,9450.1,364.87,1.79,0.95,0.84,3.86,3.99,3.73
De'Anthony Melton,PHI,6,12.1,49.6,46.8,27.9,0.3,0.7,3,0.4,0.3,0.7,53.8,46.2,0,1.9,2,4,11037.3,395.60,2.09,1.11,0.98,4.21,4.38,4.02
Dennis Schroder,LAL,5.6,12.1,46.4,46.3,29.6,0.3,0.7,1.6,0.3,0.3,0.6,55,45,0.15,1.9,1.8,3.7,11591.9,391.62,2.2,1.14,1.06,4.16,4.32,4
Bruce Brown,DEN,5.4,12,44.9,46.5,28.5,0.2,0.5,2.1,0.2,0.3,0.5,46.2,53.8,0,2.6,2.4,5,10854.7,380.87,2.06,1.11,0.94,4.04,4.37,3.71
DeMar DeRozan,CHI,5.7,11.9,48.1,47.5,36.2,0.1,0.3,1.8,0.3,0.3,0.6,47.7,52.3,0.18,2.1,2.7,4.8,12703.9,350.94,2.41,1.3,1.1,3.79,4.2,3.39
Daniel Gafford,WAS,5.8,11.9,48.5,50.6,20.6,3.1,6.7,1,0.3,0.2,0.5,55.3,44.7,0.01,6,1.3,7.3,8091.5,392.79,1.53,0.82,0.72,4.18,4.31,4.05
Immanuel Quickley,NYK,5.2,11.9,44.1,45.8,28.9,0.2,0.5,1.6,0.3,0.4,0.6,40,60,0.01,2.7,2.5,5.3,11584.3,400.84,2.19,1.2,0.99,4.23,4.53,3.92
Jayson Tatum,BOS,5.6,11.8,47.3,46.9,36.9,0.8,2,2.1,0.5,0.4,0.9,54.5,45.5,0,2.7,2.4,5.2,13072.9,354.28,2.48,1.36,1.12,3.76,4.11,3.42
Kevin Huerter,SAC,6.1,11.8,51.5,46.9,29.4,0.3,0.7,2.1,0.3,0.2,0.5,54.1,45.9,0,2.8,2.1,4.9,12000.5,408.18,2.27,1.23,1.05,4.35,4.82,3.9
Herbert Jones,NOP,5.4,11.7,46.2,47.9,29.6,0.5,1.3,3.4,0.3,0.4,0.7,44.9,55.1,0.29,3.2,2.9,6.2,11766.7,397.52,2.23,1.16,1.07,4.24,4.51,3.98
Mark Williams,CHA,5.6,11.7,47.6,50,19.3,2.7,6.1,1.2,0.2,0.3,0.5,31.8,68.2,0,4.8,1.9,6.7,7582.1,392.85,1.44,0.74,0.7,4.18,4.41,3.97
Tre Jones,SAS,6,11.7,51.2,47.3,29.2,0.3,0.6,2.6,0.3,0.4,0.7,39.6,60.4,0.15,2.2,1.7,3.9,12289.9,420.89,2.33,1.27,1.05,4.49,4.92,4.05
Jordan Clarkson,UTA,5.5,11.7,47.2,46.9,32.6,0.4,0.9,1.4,0.4,0.3,0.7,55,45,0,2.2,1.9,4.1,13008.6,399.04,2.46,1.39,1.08,4.22,4.65,3.77
Jaden Ivey,DET,5.9,11.7,50.5,46.8,31.1,0.1,0.3,1.5,0.5,0.2,0.7,64.7,35.3,0.01,1.7,2.1,3.9,12415.1,399.20,2.35,1.29,1.06,4.24,4.6,3.86
Tim Hardaway Jr.,DAL,5.5,11.7,47.3,46.9,30.3,0.5,1.2,1,0.2,0.2,0.3,50,50,0.3,2.2,1.7,3.9,11220,370.30,2.12,1.16,0.97,3.94,4.18,3.67
Ja Morant,MEM,5.1,11.6,43.5,46.8,31.9,0.1,0.3,1.8,0.4,0.5,0.9,45.5,54.5,0.08,1.4,1.7,3.1,12254.7,384.16,2.32,1.25,1.07,4.05,4.44,3.67
Mitchell Robinson,NYK,5.3,11.6,45.3,49.5,26.9,2.6,5.7,1.8,0.4,0.2,0.6,61.8,38.2,0,6.8,2,8.8,10045.6,373.44,1.9,1,0.9,3.98,4.04,3.92
Quentin Grimes,NYK,5.5,11.6,47.7,46.8,29.9,0.2,0.4,1.4,0.2,0.3,0.5,44.7,55.3,0.01,2.6,2.4,5,11354.3,379.74,2.15,1.15,1,4.03,4.16,3.9
Mike Conley,MIN,5.6,11.6,48.7,46.9,30.3,0.4,1,1.8,0.3,0.3,0.6,50,50,0.06,1.9,1.3,3.2,11917.6,393.32,2.26,1.24,1.01,4.15,4.48,3.82
Aleksej Pokusevski,OKC,5.5,11.6,47.6,49.2,20.6,1.3,2.9,1.2,0.3,0.1,0.4,64.3,35.7,0,5.6,1.4,7,8333.6,404.54,1.58,0.88,0.7,4.32,4.96,3.72
Killian Hayes,DET,5.8,11.5,50.1,46.9,28.3,0.1,0.3,2.8,0.2,0.4,0.6,33.3,66.7,0.11,2.6,2,4.6,10907.1,385.41,2.07,1.13,0.94,4.11,4.42,3.79
Desmond Bane,MEM,5,11.5,43.3,45.8,31.7,0.4,0.9,1.8,0.2,0.3,0.5,42.9,57.1,0,2.1,2.8,5,12620.3,398.12,2.39,1.3,1.09,4.2,4.67,3.76
Skylar Mays,POR,6.3,11.5,55.1,48.1,31.5,0.2,0.3,1.3,0.5,0.3,0.8,60,40,0,1.5,2.3,3.8,12713.8,403.61,2.41,1.32,1.09,4.09,4.48,3.69
Jalen Green,HOU,5.5,11.5,47.9,46.5,34.2,0.1,0.2,1.2,0.3,0.3,0.6,56.8,43.2,0,1.5,2.4,3.8,13635.9,398.71,2.58,1.47,1.11,4.23,4.66,3.76
Stephen Curry,GSW,5.5,11.5,47.9,46.5,34.7,0.9,2.2,1.8,0.5,0.4,0.9,53.1,46.9,0.16,2.3,2.5,4.7,13830.3,398.57,2.62,1.48,1.14,4.22,4.91,3.57
O.G. Anunoby,TOR,5.3,11.5,46,48.5,35.6,0.3,0.8,3.6,0.4,0.5,0.9,48.3,51.7,0.13,4,2.5,6.5,13461.8,378.14,2.55,1.31,1.24,4.01,4.16,3.87
Jeremy Sochan,SAS,5.8,11.4,50.5,47.9,26,0.6,1.3,1.6,0.2,0.2,0.4,47.8,52.2,0.05,3.3,2.5,5.9,10875.2,418.28,2.06,1.12,0.94,4.45,4.9,4.02
Trey Murphy III,NOP,5.7,11.4,50.2,47.1,31,0.3,0.7,1.8,0.2,0.2,0.3,48.1,51.9,0,3,2.2,5.2,12216.3,394.07,2.31,1.19,1.12,4.19,4.38,4.02
Andrew Nembhard,IND,5.4,11.4,47.4,46.7,27.6,0.2,0.5,1.8,0.2,0.3,0.6,42.9,57.1,0.2,2.1,1.5,3.6,11239.1,407.21,2.13,1.11,1.02,4.31,4.63,4
Bradley Beal,WAS,5.1,11.4,44.4,46.7,33.5,0.4,0.8,1.9,0.3,0.2,0.4,59.1,40.9,0.08,2.1,2.4,4.4,12923.5,385.78,2.45,1.39,1.05,4.1,4.47,3.7
Franz Wagner,ORL,5.6,11.4,49.2,47.4,32.6,0.4,0.9,2,0.2,0.3,0.5,40.5,59.5,0.03,2.9,2.8,5.7,13740.3,421.48,2.6,1.42,1.19,4.47,4.97,3.99
LeBron James,LAL,5.2,11.4,46,48.3,35.5,0.7,1.6,1.8,0.3,0.3,0.6,42.4,57.6,0.15,2.3,1.8,4,12370.3,348.46,2.34,1.27,1.07,3.71,4.07,3.36
Santi Aldama,MEM,5.5,11.4,48.2,47.7,21.8,0.6,1.5,0.9,0.2,0.1,0.2,66.7,33.3,0.04,4.3,2.3,6.5,9062.8,415.72,1.72,0.91,0.81,4.39,4.66,4.13
Max Strus,MIA,5.7,11.4,49.8,46.5,28.4,0.4,0.9,1.1,0.1,0.2,0.3,35.7,64.3,0.11,2,2.8,4.8,11662.2,410.64,2.21,1.26,0.95,4.35,4.9,3.79
Keldon Johnson,SAS,6,11.4,52.4,48.2,32.8,0.3,0.7,1.6,0.4,0.1,0.5,73.5,26.5,0,2.2,2.2,4.4,12971.6,395.48,2.46,1.36,1.1,4.21,4.69,3.73
Troy Brown Jr.,LAL,5.6,11.3,49.2,47,24.5,0.2,0.4,1.3,0.2,0.2,0.4,58.6,41.4,0.01,2.5,2.2,4.7,9895.1,403.88,1.87,0.98,0.89,4.32,4.55,4.09
Marvin Bagley III,DET,5.6,11.3,49.3,49.5,23.6,2.2,5.2,0.9,0.3,0.1,0.5,73.7,26.3,0.05,4.6,2.4,7,9383.1,397.59,1.78,0.95,0.83,4.27,4.43,4.09
Jerami Grant,POR,5.3,11.3,46.6,48,35.6,0.7,1.8,1.4,0.3,0.1,0.3,80,20,0.13,3,1.9,4.9,13548.7,380.58,2.57,1.38,1.19,4.03,4.26,3.8
Brandon Ingram,NOP,5.2,11.2,46,47.6,34.2,0.7,1.5,1.7,0.3,0.2,0.5,57.1,42.9,0.04,2.9,3,5.9,12441.6,363.79,2.36,1.3,1.05,3.86,4.3,3.42
Donte DiVincenzo,GSW,5.5,11.2,49.3,46.4,26.3,0.4,1,2.5,0.3,0.3,0.6,55.8,44.2,0,1.8,2.1,3.8,10659.4,405.30,2.02,1.1,0.92,4.29,4.75,3.86
D'Angelo Russell,LAL,5.2,11.2,46.2,46,32.5,0.3,0.6,2.2,0.3,0.2,0.5,57.9,42.1,0.03,1.6,2.2,3.8,12485.7,384.18,2.36,1.3,1.06,4.09,4.61,3.6
Bojan Bogdanovic,DET,5.6,11.2,50.3,47.5,32.1,0.4,0.9,0.9,0.3,0.2,0.5,60.7,39.3,0,2.6,2.1,4.7,12375.1,385.52,2.34,1.29,1.06,4.1,4.47,3.74
Patrick Williams,CHI,5.2,11.1,47.1,47.4,28.3,0.8,1.9,1.9,0.2,0.2,0.4,42.4,57.6,0.02,3,2.5,5.5,11272.9,398.34,2.14,1.11,1.03,4.26,4.57,3.96
Chris Paul,PHX,5.2,11.1,47,47.1,32,0.3,0.8,2.4,0.3,0.5,0.8,37,63,0.05,1.1,1.6,2.8,10729.3,335.29,2.03,1.13,0.9,3.57,3.93,3.2
Damian Lillard,POR,5.7,11.1,50.9,47.3,36.3,0.2,0.3,1.6,0.3,0.4,0.7,44.7,55.3,0.09,1.3,1.5,2.8,13547.9,373.22,2.57,1.46,1.11,3.96,4.46,3.45
Kelly Oubre Jr.,CHA,5.7,11.1,51.7,47.1,32.2,0.3,0.7,3.2,0.3,0.3,0.7,51.5,48.5,0,2.2,1.8,4,12756.5,396.16,2.42,1.29,1.13,4.2,4.49,3.9
Alex Caruso,CHI,4.9,11.1,44.4,46.9,23.5,0.8,1.9,3.4,0.2,0.4,0.6,35.9,64.1,0.21,2.4,2.9,5.3,9734.7,414.24,1.84,0.96,0.88,4.37,4.71,4.05
Victor Oladipo,MIA,5.3,11.1,47.6,46.1,26.3,0.2,0.5,2.4,0.3,0.3,0.6,47.8,52.2,0.21,1.6,2.2,3.8,9871.1,375.33,1.87,1.02,0.85,3.95,4.26,3.62
Dwight Powell,DAL,5.4,11,48.6,49,19.2,3,7,1.2,0.2,0.2,0.4,53.1,46.9,0.01,5.8,1.6,7.4,7779,405.16,1.47,0.79,0.68,4.33,4.51,4.13
Aaron Gordon,DEN,5.1,11,46,48.1,30.2,0.9,2.1,1.2,0.4,0.3,0.8,54.9,45.1,0.01,3.9,1.6,5.5,11320.4,374.85,2.14,1.12,1.02,3.99,4.22,3.77
Spencer Dinwiddie,BKN,5.5,11,50,47.3,34.5,0.4,0.9,1.1,0.2,0.2,0.4,50,50,0.05,2.2,2,4.3,12441.3,360.62,2.36,1.33,1.03,3.84,4.23,3.43
Justin Minaya,POR,5.5,11,50,46.3,22.2,0,0,2,0,0.3,0.3,0,100,0,2,0.5,2.5,8865.3,399.34,1.68,0.84,0.84,4.56,4.66,4.47
Jacob Gilyard,MEM,8,11,72.7,46.2,40.8,0,0,4,0,1,1,0,100,0,1,0,1,16076,394.02,3.04,1.54,1.51,4.14,4.39,3.91
Meyers Leonard,MIL,6,11,54.5,48.4,12.6,1.4,3.6,0.2,0.1,0.1,0.2,50,50,0,4.3,0.8,5.1,4610.2,365.89,0.87,0.49,0.38,3.88,4.12,3.52
Cameron Johnson,BKN,5.1,11,46.3,47.4,28.6,0.6,1.4,2.5,0.3,0.2,0.5,55,45,0.12,2.9,2.2,5.2,11229.1,392.63,2.13,1.16,0.97,4.18,4.55,3.81
Robert Williams III,BOS,4.5,10.9,41.5,47.8,23.5,2.7,6.5,0.9,0.5,0.4,0.9,56.7,43.3,0,4.3,3.1,7.3,8897.2,378.60,1.69,0.91,0.78,4.03,4.28,3.77
Kyle Anderson,MIN,5.2,10.9,47.7,47.6,28.4,0.6,1.4,2.4,0.2,0.3,0.5,41.2,58.8,0.01,2.9,2.1,5,10832.6,381.43,2.05,1.09,0.96,4.03,4.33,3.75
Bobby Portis,MIL,5.2,10.9,47.6,48.3,26,1.3,3,0.8,0.3,0.2,0.5,62.2,37.8,0,3.2,2.3,5.5,10463.2,402.43,1.98,1.07,0.91,4.29,4.6,3.97
Darius Garland,CLE,5.2,10.9,47.7,45.8,35.5,0.2,0.5,2,0.2,0.3,0.6,38.5,61.5,0.1,1.6,1.9,3.5,13853.1,390.23,2.62,1.45,1.17,4.14,4.53,3.73
Jimmy Butler,MIA,5.2,10.8,47.6,47.1,33.4,0.8,1.9,3.2,0.3,0.3,0.6,52.5,47.5,0.08,1.6,1.6,3.2,12571.8,376.40,2.38,1.26,1.12,4,4.17,3.82
Caris LeVert,CLE,5.2,10.8,48.1,46.7,30.2,0.2,0.6,2,0.4,0.5,0.8,45.9,54.1,0.08,2.2,1.7,4,11693.6,387.21,2.21,1.2,1.01,4.08,4.32,3.83
Jarred Vanderbilt,LAL,5.5,10.8,51.2,48.8,24.1,1.9,4.6,2.2,0.3,0.4,0.7,49.1,50.9,0,2.7,1.6,4.3,9946.8,412.73,1.88,0.99,0.9,4.38,4.55,4.22
Nick Richards,CHA,5.6,10.8,51.9,50.6,18.7,2.9,6.4,0.6,0.1,0.1,0.2,63.6,36.4,0.03,5.3,1.1,6.4,7841.3,419.32,1.49,0.79,0.69,4.44,4.73,4.14
Kyle Lowry,MIA,5.2,10.8,48.6,46.9,31.2,0.6,1.4,1.9,0.1,0.4,0.6,22.6,77.4,0.24,1.6,1.7,3.3,10880.9,348.75,2.06,1.13,0.93,3.69,3.99,3.39
Trae Young,ATL,5.2,10.7,48.4,45.7,34.8,0.1,0.1,1.8,0.3,0.3,0.6,51.1,48.9,0.07,0.5,1.1,1.6,13130,377.30,2.49,1.37,1.12,3.99,4.46,3.53
Marcus Smart,BOS,5.2,10.7,48.2,46.8,32.1,0.8,1.9,2.6,0.3,0.4,0.8,41.3,58.7,0.18,1.9,2.3,4.2,11306.4,352.22,2.14,1.14,1,3.75,4.05,3.46
Cole Anthony,ORL,4.9,10.7,45.8,46.5,25.9,0.2,0.4,1.1,0.3,0.3,0.6,47.4,52.6,0.03,1.8,1.8,3.5,10809.4,417.35,2.05,1.1,0.95,4.41,4.79,4.04
Patrick Beverley,CHI,5.4,10.6,51.1,47.4,27.1,0.3,0.8,1.9,0.3,0.2,0.5,57.6,42.4,0.31,1.7,1.7,3.4,10590.7,390.80,2.01,1.04,0.96,4.19,4.38,4
Kris Dunn,UTA,4.7,10.6,44.6,46.2,25.8,0.3,0.8,2.8,0.2,0.3,0.5,45.5,54.5,0,1.6,2.6,4.2,10457.9,405.34,1.98,1.05,0.93,4.25,4.73,3.81
Xavier Tillman,MEM,5,10.5,47.7,49.1,19.3,2.7,5.7,1.6,0.3,0.3,0.5,54.5,45.5,0,4.3,1.9,6.2,7816.6,405.01,1.48,0.77,0.71,4.29,4.56,4.04
Delon Wright,WAS,5.2,10.5,49.3,46.8,24.4,0.3,0.8,3.2,0.3,0.3,0.6,53.1,46.9,0.06,1.6,1.1,2.7,9726.2,398.61,1.84,1.01,0.83,4.19,4.41,3.95
Jalen McDaniels,PHI,4.9,10.5,46.7,47.2,23.9,0.3,0.8,2,0.2,0.2,0.4,53.1,46.9,0,2.5,2.4,4.9,9981.5,417.64,1.89,1.02,0.87,4.41,4.82,4.01
Thomas Bryant,DEN,5.8,10.5,55,50.1,18.3,2,4.3,0.5,0.1,0.1,0.3,50,50,0,5.2,0.9,6.1,7003.9,382.73,1.33,0.71,0.62,4.09,4.38,3.8
Tobias Harris,PHI,4.8,10.5,46,47.6,32.9,0.2,0.5,1.4,0.3,0.3,0.6,46.7,53.3,0,2.1,1.6,3.7,12291.8,373.61,2.33,1.24,1.09,3.98,4.14,3.81
Ben Simmons,BKN,4.9,10.5,47,48.8,26.3,2.8,6.9,2.6,0.2,0.3,0.6,41.7,58.3,0.07,2.6,1.3,3.9,9716.2,369.44,1.84,0.97,0.87,3.93,4.32,3.58
Moritz Wagner,ORL,5.2,10.4,50.1,49.1,19.5,2.6,5.5,1.3,0.2,0.2,0.4,40.9,59.1,0.3,2.7,1.4,4.2,7727.7,396.29,1.46,0.79,0.67,4.19,4.56,3.84
Reggie Jackson,DEN,4.9,10.4,47.1,45.9,24.4,0.4,0.9,1,0.2,0.3,0.5,45.5,54.5,0.04,1.8,2.3,4.1,9201.9,377.13,1.74,0.96,0.79,4.02,4.35,3.67
Corey Kispert,WAS,5.3,10.4,50.8,46.3,28.3,0.5,1.1,0.8,0.1,0.2,0.3,43.5,56.5,0,2.9,1.7,4.5,11568.3,408.77,2.19,1.23,0.96,4.34,4.77,3.88
Bennedict Mathurin,IND,5,10.3,48.5,47.1,28.5,0.3,0.6,1.2,0.3,0.3,0.6,52.2,47.8,0.03,1.4,1.6,3,11364.2,398.74,2.15,1.14,1.01,4.21,4.52,3.9
Aaron Nesmith,IND,5.4,10.3,52.3,48,24.9,0.4,1,1.5,0.1,0.3,0.5,32.4,67.6,0.16,3.4,2,5.4,10220.3,410.45,1.94,1,0.93,4.36,4.66,4.08
Dennis Smith Jr.,CHA,4.5,10.3,43.3,46.5,25.7,0.2,0.5,2.6,0.2,0.3,0.6,40.6,59.4,0.04,2.4,2.3,4.7,10330,401.95,1.96,1.04,0.92,4.24,4.56,3.92
Grant Williams,BOS,5.1,10.3,49.3,47.4,25.9,0.9,2.2,0.9,0.3,0.2,0.5,65.1,34.9,0.08,2.9,1.7,4.6,9652.7,372.69,1.83,0.96,0.87,3.95,4.09,3.81
Naz Reid,MIN,4.9,10.3,47.9,49.2,18.4,1.7,4,1.3,0.2,0.2,0.3,50,50,0.07,4.2,1.7,5.9,7371.8,400.64,1.4,0.74,0.66,4.24,4.58,3.91
Markelle Fultz,ORL,5,10.3,48.9,46.7,29.6,0.4,0.9,2.3,0.4,0.5,0.9,42.3,57.7,0,2,1.9,4,12465.5,421.13,2.36,1.26,1.1,4.48,4.86,4.12
Joshua Primo,SAS,5.5,10.3,53.7,45.2,23.3,0,0,0.5,0.5,0.3,0.8,66.7,33.3,0,2.5,1,3.5,9947,426.91,1.88,1.08,0.81,4.47,5.07,3.87
Marcus Morris Sr.,LAC,5,10.2,48.4,47.5,28.1,0.5,1.1,1.1,0.1,0.3,0.5,24.1,75.9,0,1.9,1.2,3.1,10046.8,357.54,1.9,1.02,0.89,3.81,4.02,3.59
Grayson Allen,MIL,5,10.2,49,46.6,27.4,0.2,0.5,1.6,0.2,0.3,0.5,44.7,55.3,0.04,2,1.5,3.5,11235.9,410.07,2.13,1.14,0.99,4.38,4.7,4.06
Donovan Mitchell,CLE,4.9,10.1,48.8,46.4,35.8,0.2,0.4,2.4,0.5,0.5,1,52.1,47.9,0.03,1.4,2.1,3.5,12607.5,352.16,2.39,1.32,1.07,3.74,4.07,3.39
Tyrese Haliburton,IND,5,10.1,49.5,46.6,33.6,0.1,0.2,2.6,0.3,0.4,0.8,42.9,57.1,0.02,1.4,2.2,3.6,13544,403.10,2.57,1.43,1.13,4.28,4.91,3.68
Reggie Bullock Jr.,DAL,5,10.1,49.8,47.3,30.3,0.7,1.5,1.3,0.2,0.2,0.4,45.2,54.8,0,1.6,1.3,2.9,11411.9,376.63,2.16,1.14,1.03,4,4.05,3.95
James Wiseman,DET,5.6,10,56.4,49.9,19.3,2.2,4.8,0.3,0.2,0,0.2,87.5,12.5,0,5.3,1.5,6.7,7688,398.34,1.46,0.77,0.69,4.26,4.47,4.04
Cam Reddish,POR,4.9,10,49.1,46.9,24.7,0.1,0.1,2,0.2,0.3,0.5,33.3,66.7,0,2.3,2.7,5,9899.5,400.79,1.87,0.97,0.9,4.24,4.4,4.08
Torrey Craig,PHX,4.4,9.9,44.1,47.5,24.7,0.5,1.3,1.3,0.3,0.3,0.5,51.2,48.8,0.04,3.1,2.3,5.3,10345.8,418.86,1.96,1.04,0.92,4.46,4.7,4.22
Isaiah Hartenstein,NYK,4.7,9.9,47.6,49.6,19.9,2.1,4.8,1.3,0.2,0.2,0.5,51.3,48.7,0.04,4.9,1.1,6,8332.6,418.72,1.58,0.86,0.72,4.42,4.73,4.11
Gabe Vincent,MIA,4.5,9.9,45,45.5,25.9,0.4,0.8,1.9,0.2,0.2,0.4,51.9,48.1,0.12,1.8,2.3,4.1,10147.1,391.78,1.92,1.05,0.87,4.17,4.56,3.77
Jaylin Williams,OKC,5.5,9.9,55.9,50,18.7,1.8,3.9,0.9,0.2,0.2,0.5,50,50,0.88,4.4,1.6,5.9,7015.5,375.16,1.33,0.73,0.6,4.04,4.37,3.72
Coby White,CHI,4.8,9.9,48.3,46,23.4,0.2,0.3,0.9,0.1,0.4,0.5,27.5,72.5,0.11,2.1,2.3,4.5,8946,382.31,1.69,0.87,0.83,4.04,4.27,3.83
Gordon Hayward,CHA,4.4,9.9,44.4,47.6,31.5,0.5,1.3,1.8,0.2,0.2,0.4,45,55,0,3.1,2,5.1,12752.6,404.84,2.42,1.33,1.08,4.29,4.79,3.81
Precious Achiuwa,TOR,5,9.8,50.4,48.8,20.7,1.4,3.2,1.1,0.3,0.3,0.6,53.3,46.7,0.02,4.1,2,6.1,8146.3,393.54,1.54,0.81,0.73,4.15,4.35,3.96
Russell Westbrook,LAC,4.4,9.8,44.8,47.4,29.1,0.3,0.6,1.8,0.4,0.3,0.7,54,46,0.07,1.8,1.8,3.5,10688,367.29,2.02,1.11,0.91,3.9,4.34,3.46
P.J. Tucker,PHI,4.6,9.8,46.8,48.6,25.6,0.9,2.4,1.2,0.2,0.3,0.5,48.6,51.4,0.07,2.2,2,4.3,9801,382.85,1.86,0.96,0.89,4.1,4.17,4.02
Jeremiah Robinson-Earl,OKC,5,9.8,51.2,48.4,18.9,1.3,2.9,0.7,0.2,0.1,0.3,66.7,33.3,0.02,3.8,1.6,5.3,8044.9,425.66,1.52,0.82,0.71,4.53,5.04,4.05
Jordan Poole,GSW,4.6,9.8,47.1,46.5,30,0.3,0.9,1.7,0.3,0.3,0.6,57.1,42.9,0.04,1.3,2.3,3.6,11548,384.93,2.19,1.25,0.94,4.08,4.72,3.46
Jonathan Kuminga,GSW,4.4,9.8,44.9,47.3,20.8,0.8,2,1.3,0.3,0.1,0.4,65.4,34.6,0.03,2.7,2.1,4.8,8636.4,415.21,1.64,0.87,0.77,4.39,4.71,4.07
Klay Thompson,GSW,4.7,9.8,47.6,47.8,33,0.3,0.8,1.4,0.1,0.3,0.4,28,72,0,2.4,1.6,4.1,13021.8,394.60,2.47,1.35,1.12,4.17,4.68,3.69
Ayo Dosunmu,CHI,4.4,9.8,45.3,46.4,26.2,0.2,0.5,1.4,0.2,0.3,0.6,40,60,0.01,2.7,2.5,5.2,10789.3,411.81,2.04,1.05,1,4.38,4.64,4.14
Keegan Murray,SAC,4.9,9.7,50.3,47.2,29.8,0.4,0.9,1.3,0.3,0.2,0.5,57.9,42.1,0.13,3.3,2.1,5.4,12212.1,409.80,2.31,1.23,1.09,4.37,4.76,4
Jalen Suggs,ORL,4.5,9.7,45.8,46.9,23.5,0.1,0.2,2.4,0.3,0.3,0.6,50,50,0.15,2,2.5,4.5,9325.6,396.83,1.77,0.94,0.83,4.18,4.47,3.9
Jalen Williams,OKC,5.2,9.7,53.3,47.4,30.3,0.3,0.8,2.1,0.3,0.3,0.7,51,49,0.08,3.3,1.4,4.7,12842.4,423.84,2.43,1.32,1.12,4.5,5.04,3.99
Monte Morris,WAS,4.8,9.7,49.4,46.9,27.4,0.2,0.6,1.3,0.3,0.3,0.6,47.1,52.9,0.08,1.1,1.5,2.6,10607.4,387.13,2.01,1.13,0.88,4.13,4.51,3.71
Trendon Watford,POR,4.9,9.7,50.7,47.9,19.1,1.3,3,1.1,0.1,0.1,0.2,50,50,0.11,2.4,1.8,4.2,7293.8,381.87,1.38,0.76,0.62,4.05,4.35,3.72
Devin Vassell,SAS,5,9.6,51.9,46.9,31,0.1,0.2,2,0.1,0.4,0.6,23.8,76.2,0,2.3,1.2,3.5,13087.5,422.18,2.48,1.4,1.08,4.47,5.03,3.9
Bol Bol,ORL,4.5,9.5,47.1,47.7,21.5,0.5,1.1,0.7,0.2,0.1,0.3,59.1,40.9,0,3.1,2.9,6,8400.9,390.74,1.59,0.82,0.77,4.15,4.32,3.98
Isaiah Jackson,IND,4.5,9.4,47.7,49.1,16.5,2,4.6,1.1,0.3,0.1,0.4,65.4,34.6,0.02,4.9,1.7,6.6,6745.9,408.84,1.28,0.67,0.6,4.3,4.7,3.93
John Konchar,MEM,4.2,9.4,44.3,46.1,20.7,0.2,0.6,2,0.2,0.2,0.4,44.8,55.2,0.1,1.9,1.8,3.7,8838.9,427.00,1.67,0.86,0.81,4.49,4.67,4.33
Tyrese Maxey,PHI,4.5,9.4,47.2,46.1,33.6,0.2,0.4,1.1,0.2,0.3,0.5,34.4,65.6,0.02,1.4,2,3.5,13598.9,404.73,2.58,1.4,1.17,4.31,4.58,4.03
Khris Middleton,MIL,4.2,9.4,44.1,46.2,24.3,0.1,0.1,1.3,0.5,0.1,0.6,75,25,0.09,1.6,1.6,3.2,9303.5,382.86,1.76,0.95,0.81,4.08,4.53,3.65
Kentavious Caldwell-Pope,DEN,4.8,9.4,50.6,46.4,31.3,0.3,0.7,2.6,0.2,0.4,0.6,39.1,60.9,0.01,1.2,1.1,2.3,11614.9,371.08,2.2,1.14,1.06,3.94,4.12,3.77
Isaiah Livers,DET,4.3,9.3,46.2,46.8,23.1,0.1,0.3,0.9,0.1,0.4,0.5,29.6,70.4,0.02,4,2.1,6.1,9366.1,405.46,1.77,0.93,0.85,4.31,4.49,4.12
Jalen Smith,IND,4.5,9.3,48.2,49.1,18.8,1.5,3.4,0.4,0.1,0.1,0.2,43.8,56.3,0.1,4.1,2,6.1,7764.8,413.02,1.47,0.78,0.69,4.39,4.73,4.06
Luka Samanic,UTA,4.6,9.3,49.2,49.1,23,0.7,1.4,1.6,0,0,0,0,0,0,2.7,1.3,4,9374.9,407.60,1.78,0.93,0.84,4.33,4.94,3.82
Keita Bates-Diop,SAS,4.3,9.2,46.2,47.8,21.7,0.3,0.7,1.4,0.2,0.2,0.3,52.2,47.8,0,2.3,1.6,3.8,9035.3,416.37,1.71,0.93,0.78,4.41,4.8,4.01
Chris Duarte,IND,4.3,9.2,46.7,46.4,19.5,0.2,0.4,0.9,0.1,0.3,0.4,36.8,63.2,0.04,1.8,2,3.7,8366.7,429.06,1.58,0.84,0.75,4.54,4.91,4.19
Dyson Daniels,NOP,4,9.1,44.4,46.7,17.7,0.1,0.3,1.5,0.2,0.2,0.4,45.8,54.2,0.05,2.7,1.9,4.6,7192.7,406.37,1.36,0.72,0.64,4.31,4.65,3.98
Aaron Wiggins,OKC,4.7,9.1,51.2,46.1,18.5,0.6,1.3,1.2,0.3,0.2,0.5,60.6,39.4,0.01,2.9,1.9,4.7,7937.8,429.07,1.5,0.8,0.71,4.55,4.94,4.18
Lonnie Walker IV,LAL,4.5,9,49.4,46.5,23.2,0.1,0.2,0.7,0.1,0.2,0.3,33.3,66.7,0.02,1.9,2.4,4.3,8743.5,376.88,1.66,0.85,0.8,4.06,4.22,3.91
Pat Connaughton,MIL,3.7,9,41.2,47.2,23.7,0.3,0.7,0.9,0.2,0.2,0.4,56.5,43.5,0.02,2,2.2,4.2,9481.5,400.06,1.8,0.96,0.83,4.26,4.65,3.89
Anthony Lamb,GSW,4,9,44.1,46.7,19.3,0.7,1.8,0.9,0.3,0.2,0.4,59.3,40.7,0.1,3.6,1.8,5.4,7903.9,409.53,1.5,0.84,0.66,4.35,4.92,3.79
Nate Williams,POR,5.2,9,57.8,48.9,25.3,0,0,1,0.6,0.2,0.8,75,25,0,1.4,1.6,3,9639,380.99,1.83,0.88,0.95,4.38,4.2,4.56
Malcolm Brogdon,BOS,4.3,8.9,48.4,46.9,26,0.1,0.3,1.1,0.3,0.4,0.6,41.5,58.5,0,2.2,1.7,3.8,9790.1,376.54,1.85,1.03,0.83,3.98,4.4,3.55
Malik Beasley,LAL,4.4,8.8,49.3,47,25.8,0.4,0.9,1.2,0.1,0.2,0.4,36.7,63.3,0.01,1.2,1.4,2.6,9630.7,373.28,1.82,1.01,0.82,3.94,4.24,3.63
Michael Porter Jr.,DEN,4.2,8.8,48.3,47.2,29,0.2,0.5,1.3,0.2,0.3,0.5,42.9,57.1,0,2.2,1.4,3.6,10895,375.69,2.06,1.07,1,4.01,4.14,3.89
Terance Mann,LAC,4.3,8.7,48.7,47.7,23.1,0.4,1,1.3,0.3,0.1,0.4,70,30,0.01,1.9,0.9,2.9,9300.1,402.60,1.76,0.93,0.83,4.25,4.42,4.08
Tari Eason,HOU,4.2,8.7,48.7,46.8,21.6,0.2,0.6,2,0.4,0.4,0.9,50,50,0,2.3,2,4.4,8524.9,394.67,1.61,0.87,0.75,4.18,4.38,3.96
Justise Winslow,POR,4,8.7,45.6,47.7,26.8,0.3,0.9,1.8,0.2,0.1,0.3,66.7,33.3,0.14,2.1,1.4,3.5,10341.1,385.86,1.96,1.06,0.9,4.08,4.27,3.88
Mo Bamba,LAL,4,8.6,46.8,48.9,15.7,2,4.5,0.5,0.2,0.1,0.3,68.8,31.3,0,3.3,1.8,5.1,5854.1,372.87,1.11,0.6,0.51,3.98,4.2,3.76
Nicolas Batum,LAC,4.2,8.6,48.8,47.4,21.9,0.7,1.7,1.5,0.1,0.2,0.3,34.6,65.4,0.03,2.8,2,4.8,8709.4,397.69,1.65,0.84,0.81,4.18,4.24,4.12
Kenyon Martin Jr.,HOU,4.1,8.6,47.6,47,28,0.8,1.8,0.8,0.3,0.2,0.5,59,41,0.01,1.9,2,3.9,10029.3,358.19,1.9,1,0.89,3.8,3.9,3.69
Jordan Goodwin,WAS,4.2,8.6,48.4,46.4,17.8,0.1,0.3,1.8,0.3,0.3,0.6,56.8,43.2,0.02,1.6,1.7,3.3,7566.4,425.08,1.43,0.78,0.65,4.47,4.79,4.13
Darius Bazley,PHX,4.1,8.6,47.6,48.2,14.3,0.9,2,0.8,0.1,0.1,0.2,57.1,42.9,0,2.9,2.2,5.1,5800.7,405.64,1.1,0.58,0.52,4.31,4.74,3.92
Ochai Agbaji,UTA,3.7,8.5,43.5,46.6,20.5,0.3,0.8,0.8,0.1,0.2,0.4,42.9,57.1,0.02,2,2.1,4.1,8349.3,407.28,1.58,0.86,0.72,4.3,4.71,3.9
Shaedon Sharpe,POR,4.3,8.5,50.4,46.8,22.2,0.1,0.3,0.8,0.1,0.1,0.3,50,50,0.04,1.3,2,3.3,8844.6,398.41,1.68,0.89,0.79,4.21,4.38,4.03
Cody Martin,CHA,4.7,8.5,54.9,46.7,19.1,0.3,0.7,1.6,0.4,0.1,0.6,75,25,0,1,1.9,2.9,8315.4,435.36,1.57,0.84,0.73,4.57,4.86,4.28
Naji Marshall,NOP,4.1,8.4,48.5,47.3,23.3,0.2,0.4,1.4,0.1,0.1,0.3,50,50,0.01,1.7,1.6,3.3,9166.2,393.40,1.74,0.92,0.82,4.16,4.38,3.93
Jose Alvarado,NOP,3.7,8.4,43.7,46.2,21.5,0.3,0.6,2.2,0.2,0.4,0.6,32.4,67.6,0.11,0.9,1.3,2.2,9076.8,422.18,1.72,0.9,0.82,4.47,4.7,4.25
Jae'Sean Tate,HOU,3.5,8.4,41.9,46.8,21.9,1,2.5,1.4,0.4,0.2,0.6,66.7,33.3,0.32,1.9,2.4,4.3,8556.4,390.70,1.62,0.88,0.74,4.1,4.39,3.81
Wenyen Gabriel,LAL,3.9,8.4,46.2,48.8,15.1,1.6,3.7,1.1,0.3,0.2,0.5,65.6,34.4,0,4.8,1.1,5.8,6106.5,404.40,1.16,0.63,0.53,4.31,4.72,3.9
Kevin Love,MIA,4.2,8.4,49.7,48.7,20,1,2.3,0.7,0.2,0.2,0.3,47.6,52.4,0.53,1.6,1.3,3,7195.1,359.76,1.36,0.73,0.63,3.83,3.99,3.66
Chuma Okeke,ORL,4,8.4,47.8,47,19.2,0.1,0.1,1.4,0.2,0.1,0.3,75,25,0,1.8,1.9,3.6,7722.3,402.20,1.46,0.77,0.69,4.26,4.4,4.11
Gary Trent Jr.,TOR,4.1,8.3,49.5,46.5,32.1,0.2,0.4,2.7,0.2,0.4,0.7,34.1,65.9,0,0.9,1.3,2.3,11990.9,373.55,2.27,1.19,1.08,3.95,4.16,3.75
Talen Horton-Tucker,UTA,3.8,8.3,46.1,46.5,20.2,0.2,0.5,1.3,0.2,0.2,0.5,51.7,48.3,0.05,1.3,1.1,2.4,7736.2,382.98,1.47,0.82,0.65,4.04,4.5,3.58
Josh Richardson,NOP,4.2,8.2,50.6,46.7,23.5,0.3,0.7,2,0.2,0.2,0.4,53.8,46.2,0.02,1.3,1,2.3,9651.1,410.69,1.83,1.01,0.82,4.31,4.77,3.85
Jae Crowder,MIL,3.9,8.2,48,46.5,18.9,0.6,1.3,1.3,0.2,0.1,0.3,60,40,0,1.3,1.3,2.6,7547.9,399.36,1.43,0.78,0.65,4.24,4.66,3.82
Larry Nance Jr.,NOP,4.2,8.2,50.8,49.2,21.2,2.5,5.7,1.9,0.3,0.2,0.5,58.1,41.9,0.17,2.7,1.2,3.9,8116.1,382.83,1.54,0.81,0.72,4.01,4.28,3.74
Rui Hachimura,LAL,3.3,8.2,40.8,47.2,23.3,0.3,0.8,0.9,0.2,0.1,0.4,60.9,39.1,0.03,2.4,2,4.3,9238.8,396.52,1.75,0.95,0.8,4.2,4.5,3.9
Jarrett Culver,ATL,4.6,8.1,56.9,47.4,13.7,0.3,0.6,1,0.3,0.1,0.4,75,25,0.2,1.5,1.4,2.9,5399.8,394.15,1.02,0.55,0.47,4.12,4.31,3.92
Luke Kornet,BOS,3.9,8.1,47.7,48.4,11.7,1.6,4.1,0.3,0.1,0.1,0.2,66.7,33.3,0,4.3,1,5.3,4610,394.02,0.87,0.47,0.4,4.19,4.4,3.96
Bismack Biyombo,PHX,3.8,8.1,46.6,50.4,14.3,2.3,5.1,0.7,0.2,0.1,0.3,61.1,38.9,0,4.9,0.8,5.7,5551.5,388.22,1.05,0.56,0.49,4.1,4.29,3.93
Josh Okogie,PHX,3.7,8.1,46,47.2,18.8,0.3,0.7,1.9,0.2,0.2,0.4,42.9,57.1,0.07,1.6,1.3,2.9,7637.8,406.27,1.45,0.74,0.71,4.31,4.36,4.24
Sandro Mamukelashvili,SAS,4.2,8.1,51.3,48,15.3,1.3,2.8,0.6,0.2,0.2,0.4,47.4,52.6,0.02,2.5,1.4,3.9,6293,411.31,1.19,0.67,0.53,4.45,4.79,4.09
Brandon Clarke,MEM,3.6,8.1,44.9,48.5,19.5,2.4,5.5,1.3,0.2,0.1,0.3,56.3,43.8,0.02,3.7,1.1,4.8,8108.9,415.84,1.54,0.81,0.73,4.37,4.68,4.07
Lamar Stevens,CLE,3.4,8.1,42.2,47.1,18.1,0.4,0.9,0.9,0.2,0.2,0.4,52,48,0,2.3,2,4.3,7041.2,389.02,1.33,0.69,0.65,4.12,4.2,4.05
Jock Landale,PHX,3.8,8.1,46.7,49.2,14.2,2.1,4.9,0.7,0.1,0,0.2,76.9,23.1,0,4,1.2,5.2,5626.8,396.25,1.07,0.56,0.5,4.18,4.4,3.96
Yuta Watanabe,BKN,4,8.1,48.9,47.3,16,0.2,0.6,0.6,0.2,0.1,0.3,66.7,33.3,0.02,2.6,1.7,4.4,6401.6,400.10,1.21,0.64,0.57,4.25,4.52,3.98
Josh Green,DAL,4,8.1,50.3,46.5,25.7,0.3,0.6,1.2,0.3,0.4,0.6,39.5,60.5,0.03,1.6,1.2,2.8,10814,420.78,2.05,1.08,0.96,4.45,4.58,4.32
Haywood Highsmith,MIA,3.4,8,42.5,47,18,0.3,0.8,1.4,0.2,0.1,0.3,72.2,27.8,0.02,2,1.5,3.5,7481,415.61,1.42,0.76,0.66,4.41,4.68,4.15
Jay Huff,WAS,4.2,8,52.1,50.1,13.6,1.9,4.3,0.7,0.1,0.1,0.3,50,50,0,4.1,1.6,5.7,5303.3,389.95,1,0.52,0.49,4.07,4.23,3.91
Saddiq Bey,ATL,4.2,8,52.2,47.5,27.6,0.3,0.6,1.5,0.3,0.4,0.8,44.1,55.9,0,1.9,1.4,3.3,10675.4,386.79,2.02,1.05,0.97,4.1,4.28,3.91
Jeff Green,DEN,3.8,8,47.4,47.1,19.5,0.9,2.2,0.4,0,0.1,0.1,28.6,71.4,0.13,2.6,1.8,4.5,7016.2,359.81,1.33,0.71,0.62,3.82,4.01,3.62
Bones Hyland,LAC,3.8,8,48.2,46.1,19.4,0.1,0.3,1.1,0.2,0.2,0.5,48,52,0,1,1.4,2.4,7591.4,391.31,1.44,0.79,0.65,4.15,4.49,3.79
Gary Harris,ORL,3.8,8,47.6,48.1,24.7,0.3,0.7,2,0.1,0.3,0.4,36.8,63.2,0,1,1.4,2.4,9760.3,395.15,1.85,0.93,0.92,4.22,4.33,4.11
Julian Champagnie,SAS,4,7.9,50.4,47.5,18.8,0.1,0.1,0.9,0.1,0.2,0.2,25,75,0,1.4,1.5,2.8,7655.1,407.19,1.45,0.82,0.63,4.62,5.09,4.12
AJ Griffin,ATL,3.8,7.9,48.3,46.6,19.5,0.2,0.4,0.9,0.2,0.2,0.4,48.4,51.6,0,1.4,1.5,2.9,8386.3,430.07,1.59,0.85,0.74,4.56,4.96,4.17
Nikola Jovic,MIA,4.7,7.9,58.9,49.1,13.6,1.1,2.5,0.5,0.3,0.1,0.4,66.7,33.3,0.07,2.2,0.5,2.7,5507.7,404.98,1.04,0.57,0.47,4.3,4.76,3.89
Blake Griffin,BOS,3.9,7.9,49.1,47.8,13.9,1.5,3.5,0.8,0.3,0.1,0.4,73.3,26.7,0.37,2.2,1.5,3.8,4916.3,353.69,0.93,0.51,0.42,3.79,3.94,3.6
Cory Joseph,DET,4,7.9,50.4,45.9,19.8,0.3,0.8,0.9,0.2,0.2,0.4,47.8,52.2,0.03,1.7,1.7,3.5,8196,413.94,1.55,0.84,0.71,4.36,4.65,4.06
Landry Shamet,PHX,3.7,7.8,46.7,46.6,20.2,0.1,0.3,1.5,0.1,0.1,0.2,25,75,0.03,1.7,1.7,3.4,8534.1,422.48,1.62,0.91,0.7,4.47,5.06,3.88
Malaki Branham,SAS,4.1,7.8,51.7,47,23.5,0.1,0.2,0.8,0.1,0.2,0.4,40,60,0,1.5,1.4,2.9,9823.2,418.01,1.86,1.03,0.83,4.44,4.92,3.97
John Wall,LAC,3.8,7.8,48.5,46,22.2,0.1,0.2,1.7,0.2,0.1,0.3,60,40,0.06,1.3,0.6,1.9,7839.1,353.11,1.48,0.8,0.69,3.7,3.99,3.4
Norman Powell,LAC,3.8,7.8,48.9,46.4,26.1,0.2,0.5,1.5,0.2,0.3,0.4,38.5,61.5,0,1.8,1.6,3.4,10274.1,393.64,1.95,1.06,0.89,4.13,4.44,3.8
Charles Bassey,SAS,3.5,7.8,44.7,49.9,14.5,2.1,4.9,1,0.2,0.1,0.3,54.5,45.5,0,3,0.7,3.7,5781.7,398.74,1.1,0.58,0.51,4.18,4.51,3.86
Luke Kennard,MEM,3.6,7.8,46.6,46.4,22.3,0.4,0.9,0.9,0.1,0.3,0.4,37.5,62.5,0.02,1.9,1.5,3.3,8818.5,395.45,1.67,0.9,0.77,4.18,4.55,3.81
David Roddy,MEM,3.4,7.8,44.1,46.6,18,0.1,0.4,0.7,0.2,0.1,0.3,54.5,45.5,0.06,1.5,1.8,3.3,7195.7,399.76,1.36,0.71,0.65,4.23,4.43,4.03
Dominick Barlow,SAS,3.6,7.8,46.1,48.7,14.6,1.2,2.6,0.8,0.3,0.1,0.4,72.7,27.3,0.04,3.7,1.4,5.1,5929.5,406.13,1.12,0.61,0.52,4.46,4.84,4.08
Ziaire Williams,MEM,3.4,7.7,43.9,45.6,15.2,0.2,0.5,0.8,0,0.1,0.1,25,75,0,1.5,1.8,3.4,6061.3,398.77,1.15,0.57,0.57,4.22,4.37,4.08
Kenrich Williams,OKC,3.8,7.7,49.6,47.1,22.8,0.6,1.3,1.6,0.3,0.3,0.6,52.9,47.1,0.49,2.2,1.5,3.7,9217.1,404.26,1.75,0.91,0.83,4.29,4.64,3.97
Gorgui Dieng,SAS,4,7.7,51.6,49.2,11.6,1.6,3.5,0.9,0.1,0,0.1,75,25,0.16,2.5,0.7,3.2,4107.8,354.12,0.78,0.42,0.35,3.84,4.16,3.51
Dean Wade,CLE,3.6,7.7,46.7,47.4,20.3,0.4,1.1,1.1,0.2,0.2,0.3,50,50,0.05,3.3,1.2,4.6,7940.4,391.15,1.5,0.79,0.71,4.14,4.26,4.02
Damion Lee,PHX,3.8,7.7,49.1,46.7,20.4,0.2,0.4,0.6,0.1,0.1,0.3,52.4,47.6,0,1.1,1.4,2.5,8441.3,413.79,1.6,0.89,0.71,4.36,4.74,3.97
Ty Jerome,GSW,3.9,7.7,50.3,45.7,18.1,0.2,0.6,1,0.1,0.1,0.2,37.5,62.5,0.04,1.3,1,2.4,7012.1,387.41,1.33,0.76,0.57,4.08,4.59,3.55
Mike Muscala,BOS,3.6,7.7,47.7,48.9,15,0.9,1.9,0.5,0.2,0.1,0.3,64.7,35.3,0,3.5,1.5,5,6273.9,418.26,1.19,0.65,0.53,4.42,4.92,3.91
Terrence Ross,PHX,3.8,7.6,49.7,46.5,21.1,0.2,0.3,1.1,0.1,0.2,0.3,31.3,68.8,0.02,1.1,1.7,2.9,8322.5,394.43,1.58,0.86,0.72,4.19,4.5,3.86
Malik Monk,SAC,3.7,7.6,48.1,46.2,22.3,0.3,0.7,1.2,0.3,0.1,0.4,67.9,32.1,0.01,1.7,1.3,3,9091.6,407.70,1.72,0.93,0.79,4.28,4.82,3.76
Collin Sexton,UTA,3.5,7.6,45.4,46.5,23.9,0.3,0.8,0.9,0.3,0.1,0.4,73.7,26.3,0.02,1.5,1.2,2.6,9063.3,379.22,1.72,0.93,0.78,3.99,4.29,3.69
Chris Boucher,TOR,3.5,7.6,46.2,47.4,20,0.5,1.2,1,0.2,0.2,0.4,48.1,51.9,0.13,3,1.7,4.6,8085.4,404.27,1.53,0.81,0.72,4.26,4.46,4.05
Shaquille Harrison,LAL,3.8,7.6,50,48.4,24,0,0,3.2,0,0.8,0.8,0,100,0,1.8,1,2.8,10409.5,433.73,1.97,1.08,0.89,4.59,4.95,4.23
Robert Covington,LAC,3.5,7.6,45.9,46.8,16.2,0.6,1.3,2.4,0.1,0.2,0.3,40,60,0,1.7,1.7,3.4,6102.7,376.71,1.16,0.62,0.53,3.93,4.24,3.62
Theo Maledon,CHA,3.9,7.6,51.8,46.4,19.4,0.2,0.4,1.5,0.1,0.3,0.4,29.4,70.6,0.02,1.8,1.5,3.3,8028.1,413.82,1.52,0.84,0.68,4.36,4.8,3.91
Nerlens Noel,BKN,3.9,7.6,50.9,50.7,11.5,2.2,5.1,1.9,0.1,0.3,0.4,28.6,71.4,0.24,2.1,0.7,2.8,4443.7,386.41,0.84,0.44,0.4,4.07,4.4,3.75
Cody Zeller,MIA,4.5,7.5,60.2,51.3,14.4,2,4.8,0.5,0.1,0.1,0.1,50,50,0,3.2,0.7,3.9,5798.5,402.67,1.1,0.61,0.49,4.26,4.61,3.89
Taurean Prince,MIN,3.5,7.5,46.5,46.7,22.1,0.1,0.3,1.4,0.1,0.2,0.4,40,60,0.19,1.5,1.3,2.8,8569.4,387.76,1.62,0.85,0.77,4.09,4.38,3.82
Isaiah Joe,OKC,3.5,7.5,47.3,46.2,19.1,0.3,0.7,1.1,0.2,0.3,0.5,36.8,63.2,0.27,1.3,1.4,2.7,7912.1,414.25,1.5,0.81,0.69,4.36,4.78,3.96
Georges Niang,PHI,3.5,7.4,47.2,46.7,19.4,0.7,1.6,0.6,0.1,0.2,0.3,40,60,0.12,1.7,1.6,3.3,7679.9,395.87,1.45,0.79,0.66,4.19,4.54,3.84
Alec Burks,DET,3.6,7.4,48.4,46.8,22,0.2,0.4,1.2,0.3,0.3,0.6,46.4,53.6,0.06,1.4,1.6,3,8408.5,382.20,1.59,0.84,0.76,4.04,4.26,3.83
Eric Gordon,LAC,3.6,7.4,49,46.8,28.5,0.3,0.8,1.4,0.2,0.1,0.3,56.5,43.5,0,0.7,1.1,1.9,9805.1,344.04,1.86,1.01,0.85,3.64,3.88,3.4
Jordan Nwora,IND,3.9,7.4,53.2,46.3,19.2,0.1,0.2,0.8,0.2,0.2,0.4,51.9,48.1,0,1.4,1.5,3,7885.2,410.69,1.49,0.8,0.69,4.36,4.68,4.04
Jericho Sims,NYK,3.7,7.3,50.5,50.4,15.6,1.7,3.9,0.3,0.3,0.2,0.4,56.5,43.5,0,4.2,0.9,5.1,6224.9,399.03,1.18,0.64,0.54,4.24,4.48,4
Joe Harris,BKN,3.3,7.3,45.8,46.9,20.6,0.3,0.7,0.7,0.2,0.2,0.4,41.9,58.1,0,2.4,1.5,3.9,8273.1,401.61,1.57,0.87,0.7,4.28,4.82,3.76
Davion Mitchell,SAC,3.5,7.3,47.8,46.1,18.1,0.1,0.2,0.9,0.1,0.2,0.3,34.8,65.2,0.19,1.4,1.4,2.8,7544.7,416.83,1.43,0.75,0.67,4.43,4.78,4.09
Otto Porter Jr.,TOR,3.5,7.3,48.3,46.6,18.3,0.3,0.6,1.9,0.3,0,0.3,100,0,0.13,0.8,0.9,1.6,7313.4,399.64,1.39,0.74,0.65,4.24,4.52,3.96
Isaac Okoro,CLE,3.5,7.3,47.9,46.6,21.7,0.2,0.4,1.4,0.2,0.2,0.4,51.5,48.5,0,2.5,1.1,3.6,8419.9,388.01,1.59,0.78,0.82,4.11,4,4.22
Quenton Jackson,WAS,3.9,7.3,53.4,46,15,0,0,0.8,0,0.2,0.2,0,100,0,0.3,0.6,0.9,6311.6,420.77,1.2,0.65,0.54,4.43,4.83,4.02
Jevon Carter,MIL,3.2,7.2,44.6,46.1,22.4,0.1,0.3,1.6,0.3,0.3,0.5,50,50,0,1.1,1.1,2.2,9096.6,406.10,1.72,0.88,0.84,4.32,4.45,4.2
Daniel Theis,IND,4,7.1,56,50.7,15.5,1.9,4,0.6,0,0,0,0,0,0,3.4,1,4.4,5761.1,371.68,1.09,0.57,0.52,3.94,4.11,3.77
Doug McDermott,SAS,3.5,7.1,49.3,46.4,20.5,0.3,0.5,0.3,0.1,0.2,0.3,45,55,0,1.6,1.2,2.8,8866.2,432.50,1.68,0.97,0.71,4.55,5.23,3.87
Willy Hernangomez,NOP,3.9,7.1,55.2,49.9,12,1.7,4,0.9,0.1,0.2,0.3,40,60,0.03,2.1,0.8,2.9,4839.5,403.29,0.92,0.49,0.43,4.24,4.5,3.98
Usman Garuba,HOU,3.4,7.1,48.3,48,12.9,1.3,3,0.9,0.2,0.1,0.3,62.5,37.5,0.04,2.5,1.5,4,4969.8,385.26,0.94,0.49,0.45,4.04,4.13,3.94
Nickeil Alexander-Walker,MIN,3.1,7,44.2,46.3,15,0.2,0.5,1.3,0.1,0.2,0.3,41.2,58.8,0.05,1.4,0.7,2,6384.3,425.62,1.21,0.66,0.55,4.49,4.88,4.1
Max Christie,LAL,3.1,7,44.4,46.3,12.5,0,0.1,0.5,0.1,0.1,0.1,50,50,0,1.7,1.4,3.1,5208.7,416.70,0.99,0.52,0.46,4.41,4.7,4.14
Christian Braun,DEN,3.3,7,46.9,47,15.5,0.1,0.2,0.7,0.1,0,0.1,66.7,33.3,0.03,1.9,1.3,3.1,6402.7,413.08,1.21,0.64,0.57,4.36,4.58,4.12
Christian Koloko,TOR,3.4,7,47.9,49.4,13.8,1.7,3.9,0.7,0.1,0.2,0.2,35.7,64.3,0,4.3,1.1,5.3,5626.2,407.70,1.07,0.55,0.51,4.3,4.51,4.11
Lindell Wigginton,MIL,3.5,7,50,41.6,12.4,0.1,0.4,0.6,0,0,0,0,0,0,0.6,0.7,1.3,4831.6,389.65,0.92,0.49,0.42,4.11,4.24,4.09
Austin Rivers,MIN,3.6,7,52.1,46.1,19.5,0.2,0.4,0.9,0.1,0.1,0.2,30,70,0.02,1.3,0.8,2.1,7451.3,382.12,1.41,0.72,0.69,4.03,4.17,3.9
Jay Scrubb,ORL,3,7,42.9,42.3,15.1,0,0,1.5,0,0.5,0.5,0,100,0,0.5,1,1.5,6174.5,408.91,1.17,0.66,0.5,4.22,4.52,3.89
Tre Mann,OKC,3.3,7,46.9,45.5,17.7,0.3,0.6,1.2,0.1,0.2,0.3,42.9,57.1,0.07,1.2,1.4,2.5,7155.5,404.27,1.36,0.73,0.62,4.3,4.65,3.95
Seth Curry,BKN,3.4,7,48.6,46.3,19.8,0.3,0.6,1.2,0.2,0.1,0.4,59.1,40.9,0,0.8,1.1,1.9,7452,376.36,1.41,0.76,0.65,3.97,4.26,3.68
Nassir Little,POR,3.4,7,49.5,47,18.1,0.1,0.3,0.5,0.1,0.2,0.3,41.2,58.8,0.02,1.9,1.6,3.5,7166.2,395.92,1.36,0.74,0.62,4.18,4.44,3.92
George Hill,IND,2.9,6.9,41.7,45.6,18.1,0.1,0.3,1,0,0.3,0.3,6.3,93.8,0,1.5,1.1,2.5,7022.3,387.97,1.33,0.72,0.61,4.1,4.35,3.84
Xavier Cooks,WAS,3.4,6.9,50,49.9,12.6,1.2,2.5,1.2,0.2,0.1,0.3,66.7,33.3,0,2,1.2,3.2,5162.3,409.71,0.98,0.52,0.45,4.31,4.65,3.89
JT Thor,CHA,3.4,6.9,48.8,47.6,14,0.4,0.9,0.5,0.1,0.1,0.1,44.4,55.6,0,2.3,1.2,3.5,5825.3,416.09,1.1,0.6,0.5,4.41,4.81,4.01
Tyus Jones,MEM,3.4,6.9,49,45.5,24.2,0.2,0.4,1.5,0.1,0.1,0.2,41.2,58.8,0.04,0.4,1.2,1.6,9876.3,408.11,1.87,1.02,0.86,4.31,4.7,3.93
Day'Ron Sharpe,BKN,3.4,6.8,48.9,48.9,11.5,2,4.7,0.6,0.1,0.1,0.3,53.8,46.2,0,3.2,1.1,4.3,4655.1,404.79,0.88,0.47,0.41,4.26,4.53,3.98
Olivier Sarr,OKC,3,6.8,43.9,47.2,12.6,2,4.2,0.2,0.2,0,0.2,100,0,0,3.8,0.8,4.6,5147.4,408.52,0.97,0.54,0.44,4.32,4.66,3.88
Trey Lyles,SAC,3.4,6.8,49.1,47.4,16.9,0.3,0.7,0.8,0.1,0.1,0.3,42.1,57.9,0.14,2.1,1.6,3.7,6970.3,412.44,1.32,0.69,0.63,4.34,4.68,4.01
Serge Ibaka,MIL,3.6,6.8,53.2,48.3,11.6,0.8,1.9,0.1,0,0.1,0.1,0,100,0,3.9,0.9,4.9,4277.7,368.77,0.81,0.45,0.36,3.9,4.03,3.69
Javonte Green,CHI,2.8,6.8,41.3,46.8,15,0.5,1,2.1,0.2,0.2,0.3,45.5,54.5,0.03,1.8,1.3,3.1,6216,414.40,1.18,0.6,0.57,4.36,4.68,4.07
Devonte' Graham,SAS,3.3,6.8,49.3,46.7,18.3,0.2,0.5,1.1,0.1,0.2,0.3,38.1,61.9,0.12,0.6,1,1.6,7211.4,394.07,1.37,0.76,0.61,4.17,4.59,3.74
Cam Thomas,BKN,3.1,6.8,46.6,46.7,16.6,0.2,0.4,0.5,0.2,0.1,0.3,58.8,41.2,0,1.3,1.2,2.4,6523,392.95,1.24,0.68,0.55,4.18,4.58,3.79
Damian Jones,UTA,2.9,6.7,42.4,48.2,11.6,1.5,3.4,0.4,0.1,0.1,0.2,50,50,0.02,2.9,1.2,4.1,4592.5,395.91,0.87,0.45,0.42,4.15,4.42,3.9
Paul Reed,PHI,3.3,6.7,49.3,48.1,10.9,1.2,3,1.1,0.2,0.2,0.4,53.6,46.4,0.01,3.2,1.1,4.3,4537.5,416.28,0.86,0.46,0.4,4.37,4.62,4.12
Juan Toscano-Anderson,UTA,3.3,6.7,48.9,47.6,13.5,0.5,1.2,1.1,0.2,0,0.2,83.3,16.7,0.1,1.6,1,2.6,5662.9,419.47,1.07,0.58,0.5,4.44,4.86,4.02
Andre Drummond,CHI,3.4,6.7,50.3,50.7,12.7,1.6,3.4,1.2,0.2,0.2,0.3,50,50,0.03,2.8,1,3.8,4842.6,381.31,0.92,0.46,0.46,4.03,4.2,3.88
Saben Lee,PHX,3.1,6.7,46.6,46.6,14.9,0,0.1,1.2,0.1,0.1,0.2,50,50,0.04,0.8,0.9,1.7,6189.3,415.39,1.17,0.63,0.54,4.35,4.61,4.08
Montrezl Harrell,PHI,3.2,6.7,48.2,49.1,11.9,1.5,3.4,0.6,0.1,0.1,0.2,70,30,0.21,3,1,4,4423.3,371.71,0.84,0.45,0.39,3.92,4.15,3.69
Svi Mykhailiuk,CHA,3.3,6.7,48.8,46,14.6,0,0.1,0.8,0.2,0.3,0.5,33.3,66.7,0,1.3,1.1,2.3,5923.2,405.70,1.12,0.6,0.52,4.27,4.61,3.94
Romeo Langford,SAS,3.3,6.7,48.7,46.4,19.6,0.2,0.5,1.1,0.2,0.2,0.4,52.6,47.4,0.07,1.8,0.9,2.7,8271.1,421.99,1.57,0.81,0.75,4.45,4.67,4.24
Jared Butler,OKC,3,6.7,45,42.5,12.8,0,0,0.8,0,0.3,0.3,0,100,0.17,0.2,1,1.2,4947.7,386.54,0.94,0.54,0.4,4.08,4.47,3.67
Gabe York,IND,3.7,6.7,55,44.6,18.6,0,0,2.7,0.7,0.3,1,66.7,33.3,0.33,0.7,0.3,1,7490.3,402.70,1.42,0.73,0.69,4.29,4.88,3.81
James Bouknight,CHA,2.8,6.7,42.7,45.5,15.2,0,0.1,0.5,0.1,0.2,0.2,25,75,0,1.2,1.2,2.4,6142.3,404.10,1.16,0.65,0.51,4.31,4.82,3.8
Joe Ingles,MIL,3.2,6.6,47.9,46.1,22.7,0.1,0.3,1.7,0.1,0.1,0.3,50,50,0,0.9,1.4,2.3,8700.6,383.29,1.65,0.87,0.77,4.06,4.32,3.8
T.J. McConnell,IND,3,6.6,45.2,46.8,20.4,0,0.1,2.2,0.3,0.5,0.8,40,60,0.12,0.9,1.1,2,8888.5,435.71,1.68,0.9,0.78,4.6,5.02,4.2
Sam Hauser,BOS,3,6.6,46.3,46.1,16.1,0.4,0.9,0.8,0.2,0.2,0.3,50,50,0.01,2.3,0.8,3.1,6940.2,431.07,1.31,0.73,0.58,4.56,5,4.1
Zeke Nnaji,DEN,3.1,6.5,46.8,48.6,13.7,1.1,2.5,0.6,0.1,0.1,0.2,70,30,0,2.7,1.1,3.8,5437.5,396.90,1.03,0.55,0.48,4.11,4.28,3.92
Thaddeus Young,TOR,3.7,6.5,56.6,49.1,14.7,1.3,2.8,2,0.3,0.2,0.5,56,44,0.11,1.9,1.4,3.3,5784.1,393.48,1.1,0.59,0.51,4.15,4.34,3.94
Jalen Johnson,ATL,3.1,6.5,46.8,47.9,14.9,0.7,1.6,1.3,0,0.2,0.2,14.3,85.7,0.03,1.8,1.2,3,6101.4,409.49,1.16,0.61,0.54,4.33,4.68,3.99
Juancho Hernangomez,TOR,3.5,6.5,52.9,47.9,14.6,0.2,0.5,0.8,0.2,0.1,0.3,64.3,35.7,0,1.5,1,2.5,6144.1,420.83,1.16,0.61,0.55,4.46,4.63,4.28
Hamidou Diallo,DET,2.9,6.5,44.2,47.4,17.8,0.4,1,1.9,0.4,0.2,0.6,68.8,31.3,0.02,1.6,1.2,2.8,7246.6,407.11,1.37,0.75,0.63,4.33,4.74,3.92
Andre Iguodala,GSW,3,6.4,47.1,45.6,14.1,1,2.6,1.3,0.1,0,0.1,100,0,0,1.4,1.4,2.8,5315.9,377.01,1.01,0.56,0.45,4.15,4.66,3.65
R.J. Hampton,DET,3.2,6.4,50,47.3,15.9,0.1,0.1,1.2,0.1,0.2,0.3,46.7,53.3,0,1,1,2,6605.6,415.45,1.25,0.68,0.57,4.37,4.64,4.09
Orlando Robinson,MIA,3.5,6.3,54.7,49.7,13.7,1.9,4.3,0.7,0.1,0.1,0.2,60,40,0,2.8,0.8,3.7,5449.4,397.77,1.03,0.55,0.48,4.22,4.28,4.15
DeAndre Jordan,DEN,3.2,6.3,50.2,51.2,15,2,4.5,0.6,0.1,0.1,0.1,40,60,0,2.9,0.6,3.4,5034.2,335.61,0.95,0.51,0.45,3.57,3.7,3.42
Chimezie Metu,SAC,3.2,6.3,50.4,48,10.4,0.9,2.1,0.7,0.1,0.1,0.2,61.5,38.5,0,2.3,1,3.4,4219.2,405.69,0.8,0.41,0.39,4.22,4.53,3.95
McKinley Wright IV,DAL,2.9,6.3,46.2,46.2,12.4,0.1,0.3,0.5,0.2,0.1,0.4,60,40,0.04,1.2,0.7,1.9,5109.9,412.09,0.97,0.51,0.46,4.37,4.65,4.09
Shake Milton,PHI,3.1,6.3,49,46.2,20.6,0.2,0.4,0.9,0.3,0.2,0.4,57.6,42.4,0.01,1.1,1.2,2.3,8028.2,389.72,1.52,0.82,0.7,4.11,4.41,3.8
Justin Holiday,DAL,3.1,6.3,49.3,46.9,15.4,0.2,0.5,0.9,0,0.2,0.2,18.2,81.8,0,1.5,1.2,2.7,6272.6,407.31,1.19,0.64,0.55,4.29,4.67,3.93
Evan Fournier,NYK,3.1,6.3,50,45.8,17,0.1,0.2,1,0,0,0.1,50,50,0,0.8,1.2,2.1,6881.8,404.81,1.3,0.7,0.6,4.3,4.59,4.01
Matisse Thybulle,POR,2.9,6.2,46.7,46.7,16.9,0.3,0.6,2.1,0.1,0.2,0.3,31.6,68.4,0.03,0.9,1,1.9,6735.4,398.54,1.28,0.64,0.63,4.23,4.29,4.18
Blake Wesley,SAS,3,6.2,47.8,45.8,18.1,0,0.1,1.4,0.1,0.1,0.2,50,50,0.03,0.7,1.1,1.8,7741.1,427.69,1.47,0.81,0.66,4.55,4.98,4.11
Gary Payton II,GSW,3.4,6.1,55.6,47.2,16.7,0.5,1.2,2,0.3,0.3,0.6,50,50,0,1.3,1.2,2.5,7042.3,421.69,1.33,0.67,0.67,4.45,4.45,4.47
Dario Saric,OKC,3.1,6.1,50.9,48.4,14.1,0.8,1.7,0.7,0.1,0.1,0.3,53.3,46.7,0.02,2.4,0.8,3.2,5678.7,402.74,1.08,0.58,0.49,4.24,4.55,3.93
Cameron Payne,PHX,2.9,6.1,48.1,46.2,20.2,0,0.1,1.6,0.2,0.1,0.3,62.5,37.5,0.08,0.8,1.2,2,7864.5,389.33,1.49,0.84,0.65,4.14,4.64,3.63
Kendrick Nunn,WAS,3.2,6.1,52.1,46.3,13.8,0.1,0.2,0.8,0.1,0.1,0.2,40,60,0.01,0.7,1.2,2,5444.9,394.56,1.03,0.56,0.47,4.2,4.51,3.88
Rodney McGruder,DET,3,6,49.4,46.7,16.4,0.2,0.5,1.1,0.1,0.2,0.3,33.3,66.7,0.03,1.2,0.8,1.9,6890.5,420.15,1.31,0.7,0.61,4.48,4.8,4.16
Jaxson Hayes,NOP,2.7,6,45.2,47.1,13,0.6,1.3,0.7,0.1,0.1,0.2,50,50,0.02,1.7,1.5,3.2,5018.9,386.07,0.95,0.5,0.45,4.09,4.34,3.85
Isaiah Todd,WAS,2.3,6,38.9,47.1,10.2,0.2,0.5,0.7,0.2,0,0.2,100,0,0,1.3,0.7,2,4275,419.12,0.81,0.46,0.35,4.48,4.73,4.01
Jaylen Nowell,MIN,3.3,6,54.6,46.9,19.3,0,0.1,1.3,0.1,0.1,0.3,47.1,52.9,0,1,0.9,1.9,7888.9,408.75,1.49,0.78,0.71,4.32,4.63,4.02
Miles McBride,NYK,2.7,6,45,45.6,11.9,0.1,0.2,0.9,0.2,0.1,0.3,58.8,41.2,0.03,1.3,1.1,2.3,4898.4,411.63,0.93,0.49,0.44,4.34,4.49,4.2
T.J. Warren,PHX,3,6,49.4,47.8,16.4,0.2,0.5,0.9,0.2,0.2,0.3,50,50,0,0.7,0.9,1.6,6560.9,400.05,1.24,0.64,0.6,4.24,4.35,4.13
Frank Ntilikina,DAL,2.6,6,44.1,46.4,12.9,0.2,0.6,0.6,0.1,0.1,0.1,42.9,57.1,0.04,1.4,1,2.4,4964.3,384.83,0.94,0.49,0.45,4.07,4.29,3.85
Bryce McGowens,CHA,2.9,6,47.8,45.6,17.1,0,0,0.6,0.1,0.2,0.3,33.3,66.7,0.04,0.8,1.1,1.9,6879.1,402.29,1.3,0.69,0.61,4.23,4.54,3.94
Eugene Omoruyi,DET,2.6,6,43.3,46.6,16.1,0.3,0.7,1.4,0.3,0.1,0.3,83.3,16.7,0.33,1.3,1.6,2.9,6485.5,402.83,1.23,0.65,0.58,4.25,4.54,3.98
Stanley Johnson,SAS,2.7,6,45.1,47.2,15.7,0.7,1.8,0.7,0.1,0.1,0.2,50,50,0,1.5,1.1,2.6,6563.2,418.04,1.24,0.67,0.58,4.35,4.81,3.94
Daishen Nix,HOU,3,6,50.3,46.8,16,0.1,0.2,1.4,0.1,0.2,0.3,44.4,55.6,0.02,0.6,1,1.6,6075.5,379.72,1.15,0.62,0.53,4,4.23,3.76
Kessler Edwards,SAC,2.6,5.9,43.2,47.8,10.7,0.1,0.3,0.4,0.1,0.1,0.1,60,40,0.03,1.5,1.1,2.6,4491.6,419.78,0.85,0.44,0.41,4.41,4.7,4.13
Jamal Cain,MIA,3.1,5.9,52.5,45.8,13.3,0.4,1.1,1.6,0.1,0.1,0.1,50,50,0,0.5,1.3,1.8,5510,414.29,1.04,0.53,0.51,4.34,4.39,4.28
Vlatko Cancar,DEN,2.9,5.9,48.7,46.7,14.8,0.3,0.6,0.7,0.1,0,0.1,87.5,12.5,0.05,1.7,1.1,2.8,5588.2,377.58,1.06,0.58,0.48,3.99,4.26,3.7
Trent Forrest,ATL,2.6,5.9,44.6,46.4,12,0,0,0.7,0.1,0.1,0.3,50,50,0.04,1.2,1,2.1,4772,397.67,0.9,0.48,0.43,4.18,4.4,3.96
Jake LaRavia,MEM,2.6,5.9,43.6,45.1,11.8,0.1,0.3,0.9,0.1,0.1,0.2,42.9,57.1,0,1.3,1.4,2.7,4908.3,415.96,0.93,0.51,0.42,4.37,4.68,4.04
Lindy Waters III,OKC,2.7,5.9,45.8,46,12.9,0.3,0.7,0.6,0.1,0.2,0.3,36.4,63.6,0.02,1.8,1.6,3.3,5448.2,422.34,1.03,0.55,0.48,4.44,4.92,4
Kemba Walker,DAL,3.3,5.9,56.6,45.4,16,0,0,0.8,0.2,0.1,0.3,66.7,33.3,0.22,0.2,1,1.2,6018.7,376.17,1.14,0.64,0.5,4.01,4.4,3.6
Ousmane Dieng,OKC,2.6,5.9,44.6,44.9,14.6,0.4,0.9,0.4,0.1,0.1,0.1,60,40,0,1.9,1.5,3.4,5879.6,402.71,1.11,0.61,0.51,4.28,4.76,3.83
Wesley Matthews,MIL,2.8,5.9,47.4,47.9,15.8,0.1,0.2,0.8,0.1,0.1,0.3,53.3,46.7,0.04,1.3,0.9,2.1,6406.9,405.50,1.21,0.66,0.56,4.27,4.6,3.92
Peyton Watson,DEN,2.9,5.8,48.7,48.6,8.1,0,0,0.3,0.1,0,0.1,66.7,33.3,0,1.4,0.5,2,3284.3,405.47,0.62,0.33,0.29,4.28,4.6,3.97
Ricky Rubio,CLE,2.6,5.8,44,45.1,17.2,0.4,1,1.8,0.1,0.1,0.2,42.9,57.1,0.12,0.9,1.1,2,6895.9,400.92,1.31,0.73,0.58,4.24,4.6,3.87
JaMychal Green,GSW,3.2,5.8,54.4,48.3,14,1.1,2.8,0.6,0.1,0.1,0.2,33.3,66.7,0,2.1,1.3,3.3,5553,396.64,1.05,0.56,0.49,4.19,4.55,3.86
John Butler Jr.,POR,2.6,5.8,44.8,46.7,11.6,0.2,0.4,0.8,0.1,0.1,0.2,33.3,66.7,0,2.2,1.2,3.3,4091.3,352.70,0.77,0.4,0.37,4.18,4.27,4.08
Udoka Azubuike,UTA,2.6,5.8,44.9,49,10,1.3,2.9,0.3,0.1,0.1,0.1,40,60,0,2.8,0.4,3.1,3713.5,371.35,0.7,0.37,0.34,3.92,4.11,3.74
Derrick Jones Jr.,CHI,2.4,5.8,41.8,47.5,14,0.7,1.5,1,0.2,0.1,0.3,52.6,47.4,0,1.9,1.4,3.3,5676.5,405.46,1.08,0.56,0.52,4.3,4.69,3.97
Jaden Hardy,DAL,2.8,5.8,48.1,46,14.8,0.1,0.3,0.7,0.1,0.1,0.3,46.2,53.8,0.06,0.8,1.2,2,5937.5,401.18,1.12,0.61,0.52,4.25,4.5,4
Danuel House Jr.,PHI,2.9,5.8,49.5,46.8,14.4,0.2,0.6,0.6,0.1,0.2,0.3,33.3,66.7,0.09,1.3,1.1,2.4,5888.4,408.92,1.12,0.58,0.53,4.32,4.53,4.09
Terence Davis,SAC,3,5.7,52,47,13.1,0,0.1,1.3,0.1,0.2,0.3,38.1,61.9,0.02,1,1,2,5468.9,417.47,1.04,0.54,0.5,4.4,4.76,4.07
Rudy Gay,UTA,2.6,5.7,45.5,47.8,14.6,0.5,1.1,0.7,0.2,0.1,0.3,55.6,44.4,0.04,1.4,0.9,2.4,5682.8,389.23,1.08,0.58,0.5,4.11,4.38,3.82
Oshae Brissett,IND,2.8,5.6,49.6,47,16.7,0.3,0.7,1,0.2,0.3,0.5,43.3,56.7,0.06,1.2,0.9,2,6812.1,407.91,1.29,0.69,0.6,4.31,4.69,3.95
Goga Bitadze,ORL,2.5,5.6,44.8,49.3,12,1.8,4,1.1,0.2,0.1,0.3,72.7,27.3,0,2.5,0.9,3.3,4735.7,394.64,0.9,0.47,0.42,4.15,4.51,3.82
Johnny Davis,WAS,2.5,5.6,45.2,46.2,15.1,0.1,0.3,0.5,0.1,0.1,0.2,50,50,0,0.9,0.8,1.6,6140.3,406.64,1.16,0.63,0.54,4.29,4.53,4.02
Dru Smith,BKN,2.6,5.6,46.6,48.3,10.6,0,0,1.5,0.1,0.1,0.2,33.3,66.7,0.07,1.1,0.9,2,4114.4,388.15,0.78,0.41,0.37,4.13,4.45,3.82
Duane Washington Jr.,NYK,2.6,5.6,46.5,45.6,12.7,0.2,0.3,0.2,0.1,0,0.1,75,25,0.03,0.8,0.8,1.6,5208.3,410.10,0.99,0.55,0.43,4.32,4.78,3.86
Dewayne Dedmon,PHI,2.6,5.6,46.9,50.2,11.2,1.4,3.3,0.4,0.1,0.1,0.2,44.4,55.6,0.05,2.8,0.8,3.5,4220.9,376.87,0.8,0.44,0.36,3.98,4.2,3.73
Cedi Osman,CLE,2.4,5.6,42.6,45.8,20.1,0.3,0.6,0.8,0.1,0.1,0.2,50,50,0.06,1.4,1.1,2.5,7817.1,388.91,1.48,0.79,0.69,4.1,4.25,3.94
Kevin Knox II,POR,2.6,5.6,45.9,46.4,15.1,0.2,0.5,0.6,0.2,0.2,0.4,52,48,0,1.4,1.2,2.6,6070,401.99,1.15,0.63,0.52,4.28,4.65,3.91
Luka Garza,MIN,3.1,5.6,55.2,49.6,8.7,1.3,2.9,0.2,0.1,0,0.1,100,0,0.04,2.4,0.4,2.7,3854.5,443.05,0.73,0.39,0.34,4.61,4.91,4.3
Aaron Holiday,ATL,2.6,5.5,46.2,46,13.4,0,0.1,1.1,0.1,0.2,0.3,44.4,55.6,0,0.9,0.9,1.8,5413.9,404.02,1.03,0.52,0.5,4.27,4.35,4.18
MarJon Beauchamp,MIL,2.5,5.5,45.5,45.5,13.5,0.1,0.2,0.6,0.2,0.1,0.3,69.2,30.8,0,1.1,0.9,2,5516.6,408.64,1.04,0.55,0.49,4.33,4.52,4.13
Payton Pritchard,BOS,2.4,5.5,44,45.5,13.4,0.2,0.4,0.7,0.3,0.1,0.4,65,35,0,1.4,0.5,1.9,5443.6,406.24,1.03,0.56,0.47,4.31,4.58,4.03
Will Barton,TOR,3,5.5,55.1,46.9,17.7,0,0.1,1.1,0.2,0.2,0.4,45,55,0,0.9,1,1.8,6913.8,390.61,1.31,0.71,0.6,4.12,4.43,3.8
Caleb Houstan,ORL,2.6,5.5,46.8,47,15.9,0.3,0.8,0.6,0.1,0.1,0.2,45.5,54.5,0,1.6,1.1,2.6,6614,415.97,1.25,0.68,0.57,4.38,4.73,4.03
Anthony Gill,WAS,2.7,5.5,49.6,47.7,10.6,0.5,1.3,0.4,0.1,0.1,0.2,63.6,36.4,0.07,1.2,1,2.3,4322.9,407.82,0.82,0.45,0.37,4.29,4.6,3.97
Bruno Fernando,ATL,2.6,5.4,48.8,50.4,10.4,1.6,3.9,0.3,0.2,0.2,0.4,46.7,53.3,0,2.9,0.4,3.3,3975.2,382.23,0.75,0.41,0.34,4.05,4.4,3.69
Moses Brown,BKN,2.3,5.4,42.6,48.2,8.2,1,2.3,0.3,0.1,0,0.1,66.7,33.3,0,3,0.6,3.5,3277.3,399.67,0.62,0.34,0.29,4.19,4.48,3.93
Jordan McLaughlin,MIN,2.7,5.4,50.2,45.8,15.8,0.3,0.6,1.6,0.1,0.3,0.4,27.8,72.2,0,1.2,0.8,2,6804.9,430.69,1.29,0.71,0.58,4.58,5.19,4.02
Robin Lopez,CLE,2.6,5.3,49.5,50.1,8.1,1.8,4.4,0.1,0.2,0.1,0.2,66.7,33.3,0.03,3,0.4,3.4,3070.9,379.12,0.58,0.32,0.26,4.01,4.18,3.82
Duncan Robinson,MIA,2.8,5.3,52.5,46.2,16.4,0.5,1.1,0.6,0,0.1,0.1,0,100,0.1,0.8,1.2,2,6474.5,394.79,1.23,0.7,0.53,4.15,4.72,3.59
Micah Potter,UTA,2.3,5.3,43.8,45.5,7.5,0.4,0.9,0.3,0.1,0,0.1,100,0,0.29,1,1,2,3201.4,426.85,0.61,0.32,0.28,4.42,4.86,4.19
Carlik Jones,CHI,3,5.3,56.3,44.3,8,0,0,0.3,0.3,0.3,0.6,50,50,0,0.7,0.6,1.3,3446.2,430.78,0.65,0.34,0.32,3.97,4.3,3.68
Malachi Flynn,TOR,2.6,5.3,48.8,45.9,13,0,0.1,0.8,0.1,0.2,0.3,40,60,0,0.9,0.9,1.8,5259,404.54,1,0.54,0.46,4.25,4.57,3.93
TyTy Washington Jr.,HOU,2.5,5.3,46.8,45.5,14,0,0,0.5,0.2,0.1,0.2,71.4,28.6,0.1,0.5,1,1.5,5237.4,374.10,0.99,0.54,0.45,3.98,4.3,3.63
Kai Jones,CHA,2.2,5.3,42.6,47.2,11.9,0.7,1.4,0.8,0.1,0.2,0.3,46.7,53.3,0,2.3,0.7,3,4867.6,409.04,0.92,0.49,0.43,4.26,4.55,3.97
JaVale McGee,DAL,2.9,5.2,55.8,49.5,8.4,0.9,2.1,0.4,0.1,0,0.1,75,25,0,2.5,0.4,2.9,3204.5,381.49,0.61,0.32,0.29,4.04,4.22,3.86
Jabari Walker,POR,2.5,5.2,48.5,47.8,11.1,0.6,1.6,0.6,0.1,0,0.1,75,25,0.02,1.3,0.9,2.3,4207.2,379.03,0.8,0.43,0.37,4.08,4.31,3.85
AJ Green,MIL,2.4,5.2,46.8,45.9,9.9,0.1,0.4,0.2,0,0.1,0.1,20,80,0.03,0.6,0.7,1.3,4053.2,409.41,0.77,0.42,0.34,4.35,4.73,3.96
Kevon Harris,ORL,2.4,5.2,46.1,47,13.4,0.1,0.3,1.2,0.1,0.2,0.3,36.4,63.6,0,1.2,0.9,2.1,5370.6,400.79,1.02,0.53,0.49,4.19,4.28,4.1
Moses Moody,GSW,2.4,5.2,46,46.7,13,0.2,0.5,0.5,0.1,0.1,0.3,56.3,43.8,0.05,1.5,1,2.5,5058.5,389.12,0.96,0.52,0.44,4.13,4.46,3.8
Isaiah Roby,NYK,2.8,5.2,54.5,48.1,11.3,0.3,0.7,0.7,0.1,0.2,0.3,36.4,63.6,0.05,1.7,1.1,2.9,4772.9,422.38,0.9,0.5,0.41,4.45,5.02,3.87
Danny Green,CLE,2.5,5.2,48.1,45.9,12.6,0.1,0.2,1.3,0,0.2,0.2,0,100,0,1.3,0.8,2.1,5457.6,433.14,1.03,0.54,0.49,4.52,4.95,4.13
Omer Yurtseven,MIA,2.9,5.1,55.6,50.1,9.2,1,2.3,0.4,0.2,0,0.2,100,0,0,2,0.4,2.4,3708.9,403.14,0.7,0.38,0.32,4.15,4.2,4.09
Obi Toppin,NYK,2.3,5.1,45.6,46.5,15.7,0.3,0.6,0.6,0.1,0.2,0.3,42.1,57.9,0,1.3,1.2,2.5,6665.1,424.53,1.26,0.68,0.58,4.5,4.83,4.17
David Duke Jr.,BKN,2.4,5.1,47.1,47.8,9.9,0.2,0.5,0.6,0.1,0.1,0.3,50,50,0.04,0.7,0.7,1.4,3962.7,400.27,0.75,0.4,0.35,4.2,4.43,3.97
Garrison Mathews,ATL,2.3,5.1,44.5,45.4,12.7,0,0.1,0.6,0.1,0.2,0.3,21.4,78.6,0.24,0.7,1,1.7,5049.8,397.62,0.96,0.51,0.44,4.21,4.46,3.95
Josh Christopher,HOU,2.6,5.1,50.5,46.2,12.3,0,0.1,1.1,0.2,0.1,0.3,60,40,0.02,0.7,0.7,1.4,4916.3,399.70,0.93,0.5,0.43,4.23,4.53,3.93
Jared Rhoden,DET,2,5.1,39.3,45.1,14.1,0.1,0.2,0.7,0.1,0.2,0.3,25,75,0,0.9,0.9,1.8,5870.8,416.37,1.11,0.62,0.5,4.37,4.61,4.05
Derrick Rose,NYK,2.1,5.1,42.3,45.7,12.5,0.1,0.2,0.5,0.1,0.2,0.3,33.3,66.7,0,1.1,0.9,2,5102.2,408.18,0.97,0.53,0.44,4.33,4.75,3.92
Mamadi Diakite,CLE,2.7,5,54.7,47.6,8,1.1,2.3,0.7,0,0.1,0.1,0,100,0.05,1.9,1.1,3,3062.8,382.85,0.58,0.3,0.28,4.03,4.23,3.83
Xavier Sneed,CHA,1.8,5,35,45.5,12.1,0,0,0.8,0,0.3,0.3,0,100,0.25,1,1.5,2.5,5097.3,421.26,0.97,0.51,0.46,4.42,4.87,3.82
Chance Comanche,POR,3,5,60,42.4,20.8,2,4,0,0,0,0,0,0,0,1,2,3,8344,401.15,1.58,0.79,0.79,4.28,4.44,4.13
Kendall Brown,IND,2.3,5,45,45.3,6.7,0,0,1.2,0.2,0,0.2,100,0,0,0.7,0.8,1.5,3001.2,447.94,0.57,0.29,0.28,4.59,4.81,4.4
Simone Fontecchio,UTA,2.5,5,50.9,46.5,14.7,0.3,0.7,0.8,0.2,0.1,0.3,64.7,35.3,0,1.3,0.7,2,6167.8,419.58,1.17,0.65,0.51,4.39,4.94,3.85
Amir Coffey,LAC,2.4,5,47.7,46.6,12.5,0,0.1,0.5,0.1,0,0.1,66.7,33.3,0.06,0.9,0.7,1.5,4768.8,381.50,0.9,0.47,0.43,4.02,4.09,3.92
Admiral Schofield,ORL,2.4,4.9,48.6,46.8,12.2,1,2.1,0.5,0.1,0.1,0.2,50,50,0.16,1,1.4,2.5,4934.2,404.44,0.93,0.5,0.43,4.28,4.53,4.03
A.J. Lawson,DAL,2.8,4.9,56.4,46.6,7.2,0.1,0.1,0.3,0,0.1,0.1,0,100,0,0.5,0.5,0.9,3155.2,438.22,0.6,0.32,0.28,4.64,4.88,4.3
Davis Bertans,DAL,2.3,4.9,47,46.9,10.9,0.4,1.1,0.4,0.1,0,0.1,66.7,33.3,0,2,0.7,2.7,4448,408.07,0.84,0.47,0.37,4.31,4.82,3.83
Matt Ryan,MIN,2.4,4.9,48.9,44.9,9.1,0,0,0.3,0,0.1,0.1,25,75,0,0.7,1.2,1.9,3805.2,418.15,0.72,0.38,0.34,4.31,4.74,3.9
Brandon Boston Jr.,LAC,2.3,4.8,47.8,45.6,11.3,0.1,0.1,1,0.1,0.1,0.1,33.3,66.7,0,0.7,0.9,1.6,4552.9,402.91,0.86,0.46,0.4,4.23,4.49,3.96
Keon Johnson,POR,2.5,4.8,51.6,45.7,10.4,0.1,0.2,0.6,0.1,0.1,0.3,40,60,0,0.7,0.5,1.1,4193.5,403.22,0.79,0.43,0.37,4.2,4.39,3.98
Raul Neto,CLE,2.2,4.7,46.1,44.3,10.5,0,0,1,0.2,0.2,0.4,47.4,52.6,0.02,1,0.9,1.9,4074.4,388.04,0.77,0.41,0.36,4.08,4.24,3.92
Udonis Haslem,MIA,2.3,4.7,48.5,47.2,10.3,0.9,2.3,0.3,0.1,0,0.1,100,0,0.57,2,0.4,2.4,3718.3,361.00,0.7,0.37,0.34,3.78,3.97,3.73
Moussa Diabate,LAC,2.2,4.7,46.9,46.5,8.9,1.1,2.2,0.3,0.2,0.2,0.4,55.6,44.4,0,2.4,0.9,3.2,3765.8,423.12,0.71,0.39,0.33,4.41,4.74,4.07
Alex Len,SAC,1.9,4.7,41.8,50.5,6.2,1.4,3.3,0.6,0.1,0.1,0.1,50,50,0,2.3,0.5,2.8,2512.2,405.19,0.48,0.25,0.22,4.27,4.58,3.91
Ish Wainright,PHX,2,4.6,43.2,46.8,15.3,0.5,1.1,1.1,0.1,0.1,0.3,40,60,0.05,1,1.1,2.1,6212,406.01,1.18,0.64,0.54,4.29,4.63,3.94
Theo Pinson,DAL,2.5,4.6,55,46.4,8.1,0.2,0.5,0.6,0.1,0,0.1,75,25,0,0.5,0.5,0.9,3203.8,395.53,0.61,0.32,0.28,4.16,4.44,3.88
Johnny Juzang,UTA,2.6,4.6,55.4,45.2,12.9,0.1,0.1,0.2,0.1,0.1,0.1,50,50,0,0.9,0.6,1.5,5768,447.13,1.09,0.6,0.49,4.71,5.2,4.23
Jamaree Bouyea,WAS,2.6,4.6,56.5,46,14.1,0,0,1.4,0.2,0,0.2,100,0,0,1.2,0.6,1.8,5701.4,404.35,1.08,0.58,0.5,4.29,4.52,4.05
Khem Birch,SAS,2.3,4.6,49.4,48.6,8.1,0.7,1.6,0.3,0,0,0,0,0,0.05,2,0.9,3,3237.9,399.74,0.61,0.33,0.29,4.26,4.58,3.89
Noah Vonleh,BOS,2,4.5,45.3,48.1,7.5,1.1,2.7,0.2,0.1,0,0.2,75,25,0,1.7,0.5,2.3,2963.3,395.11,0.56,0.31,0.25,4.19,4.62,3.77
Taj Gibson,WAS,2.4,4.5,53.2,50.5,9.8,1.7,3.8,0.6,0.1,0.1,0.2,45.5,54.5,0.06,1.6,0.4,2,3755.2,383.18,0.71,0.38,0.33,4.02,4.13,3.91
Mac McClung,PHI,2,4.5,44.4,44.7,20.5,0.5,1,1.5,0,0,0,0,0,0.5,1.5,1,2.5,8480,413.66,1.61,0.91,0.7,4.31,4.49,4.11
Goran Dragic,MIL,2,4.5,44.8,45.9,15,0.2,0.4,0.6,0.2,0.2,0.4,47.6,52.4,0.03,1.1,0.6,1.8,6085,405.67,1.15,0.63,0.52,4.26,4.77,3.78
Buddy Boeheim,DET,1.9,4.4,42.5,47.1,9,0.2,0.4,0.6,0.1,0.1,0.2,50,50,0,0.2,0.9,1.1,3638.4,404.27,0.69,0.36,0.33,4.23,4.26,4.19
Markieff Morris,DAL,2.1,4.4,48.7,46.6,10.1,0.7,1.5,0.4,0,0.1,0.1,0,100,0.03,1.3,0.8,2.2,3736.1,369.91,0.71,0.38,0.33,3.9,3.99,3.78
Edmond Sumner,BKN,2.3,4.4,51.8,47,13.9,0.1,0.3,1.1,0.1,0.1,0.2,41.7,58.3,0.02,0.8,0.7,1.5,5749.8,413.65,1.09,0.58,0.51,4.35,4.65,4.05
Ish Smith,DEN,2.2,4.4,50.3,44.7,9.3,0.1,0.2,0.2,0.1,0.1,0.1,33.3,66.7,0.02,0.4,0.6,0.9,3699.5,397.80,0.7,0.4,0.3,4.22,4.79,3.67
Ryan Arcidiacono,POR,1.9,4.4,42.6,46.9,8.6,0.3,0.7,0.2,0,0,0,0,0,0.2,0.1,0.6,0.7,3596.8,418.23,0.68,0.39,0.29,4.42,4.88,4
Patty Mills,BKN,2.3,4.3,54.2,46.4,14.2,0.1,0.3,0.7,0.1,0.1,0.3,45.5,54.5,0.03,0.5,0.7,1.2,5730.3,403.54,1.09,0.58,0.5,4.32,4.63,4.01
Nathan Knight,MIN,1.8,4.3,40.9,46.3,7.7,0.3,0.8,0.5,0.1,0.1,0.1,60,40,0,1.6,0.8,2.4,3030.4,393.56,0.57,0.3,0.27,4.1,4.31,3.89
Terry Taylor,CHI,1.8,4.2,41.6,47,8.5,0.3,0.6,0.1,0.1,0,0.2,80,20,0.03,0.7,0.9,1.6,3537.6,416.19,0.67,0.35,0.32,4.37,4.8,3.98
KZ Okpala,SAC,2,4.2,47.6,48.1,7.1,0.1,0.2,0.3,0,0,0,0,100,0,1.5,0.4,1.9,3074.9,433.08,0.58,0.3,0.28,4.54,4.82,4.28
Cole Swider,LAL,2.4,4.2,57.1,46.8,5.9,0,0,0,0,0.1,0.1,0,100,0,0.1,1,1.1,2552.7,432.66,0.48,0.28,0.21,4.54,4.87,3.9
Furkan Korkmaz,PHI,1.9,4.2,45.9,44.2,9.6,0.2,0.3,0.4,0,0.1,0.1,0,100,0,0.4,0.5,0.9,3858.2,401.90,0.73,0.41,0.32,4.22,4.59,3.82
Thanasis Antetokounmpo,MIL,2.1,4.2,50,46.3,5.6,0.3,0.7,0.3,0.1,0.1,0.2,66.7,33.3,0,0.9,0.5,1.4,2253.1,402.34,0.43,0.23,0.2,4.23,4.3,4.16
Dalano Banton,TOR,1.8,4.1,42.2,46.3,9,0.1,0.2,0.9,0,0.1,0.1,0,100,0,1,0.9,1.9,3884.2,431.58,0.74,0.39,0.35,4.55,4.81,4.28
Jeff Dowtin Jr.,TOR,1.9,4,46.4,46.1,10.3,0,0,0.8,0,0.1,0.2,25,75,0,0.4,0.4,0.8,4092.9,397.37,0.78,0.42,0.36,4.19,4.43,3.89
Jarrell Brantley,UTA,0.5,4,12.5,46.9,9.7,0,0,1,0.3,0.3,0.5,50,50,0,1.3,1.3,2.5,3651,376.39,0.69,0.36,0.33,4.02,4.21,3.57
Chris Silva,DAL,0,4,0,45.2,3,0,0,0,0,0,0,0,0,0,1,1,2,1536,512.00,0.29,0.15,0.14,5.07,3.47,3.29
Chima Moneke,SAC,2,4,50,49.6,4,0.5,1.5,0,0,0,0,0,0,0,0.5,1,1.5,1658,414.50,0.31,0.16,0.15,4.23,4.64,3.88
Richaun Holmes,SAC,2,4,49.7,50.4,8.3,0.9,2.3,0.4,0.1,0,0.1,100,0,0,1.6,0.5,2.1,3180.3,383.17,0.6,0.31,0.3,4.05,4.2,3.91
Isaiah Mobley,CLE,1.8,3.9,45.7,47.3,7,0.5,1.3,0.7,0,0.2,0.2,0,100,0,0.8,0.8,1.7,2804.5,400.64,0.53,0.28,0.25,4.2,4.45,3.85
Frank Kaminsky,HOU,1.9,3.8,50.8,49,6.5,0.4,1.1,0.2,0.1,0.1,0.1,60,40,0,1.3,0.5,1.8,2461.8,378.74,0.47,0.25,0.21,3.97,4.26,3.63
Neemias Queta,SAC,2,3.8,52.6,49.2,5.7,0.4,0.8,0.6,0.2,0,0.2,100,0,0,1,0.4,1.4,2438.4,427.79,0.46,0.24,0.23,4.35,4.74,3.99
Matthew Dellavedova,SAC,1.6,3.8,43.4,45,6.7,0.1,0.3,0.3,0,0,0,100,0,0.09,0.2,0.4,0.5,2821.1,421.06,0.53,0.29,0.24,4.44,5,3.91
Jordan Hall,SAS,2.1,3.8,56.7,44.6,9.2,0,0,0.3,0.3,0.1,0.4,75,25,0,0.8,1,1.8,3956.7,430.08,0.75,0.43,0.32,4.5,5.29,3.86
Devon Dotson,WAS,1.5,3.8,40,46.5,8.9,0,0,1,0.2,0.3,0.5,33.3,66.7,0,0.5,0.7,1.2,3769.8,423.57,0.71,0.38,0.33,4.45,4.71,4.2
Josh Minott,MIN,1.3,3.7,36.4,44,6.4,0,0,0.8,0.1,0.1,0.1,50,50,0,1.1,0.7,1.9,2899.2,453.00,0.55,0.29,0.26,4.66,5.2,4.16
Michael Carter-Williams,ORL,3,3.7,81.8,45.1,11.1,0,0,0.8,0,0.3,0.3,0,100,0,0.5,0.8,1.3,4230,381.08,0.8,0.46,0.34,3.99,4.29,3.66
Bryn Forbes,MIN,1.8,3.6,50.6,44.9,10.7,0.2,0.4,0.4,0,0.1,0.2,25,75,0,0.3,0.5,0.8,4362,407.66,0.83,0.44,0.39,4.31,4.75,3.87
James Johnson,IND,2.1,3.6,58.6,46.3,9,0.6,1.7,0.6,0.1,0.1,0.2,50,50,0.06,0.9,0.7,1.7,3418.1,379.79,0.65,0.34,0.31,4.02,4.5,3.6
Davon Reed,LAL,1.8,3.6,49.6,44.1,8,0.1,0.2,0.4,0.1,0.1,0.2,55.6,44.4,0,0.5,0.8,1.4,3255.5,406.94,0.62,0.34,0.27,4.29,4.62,3.95
Kennedy Chandler,MEM,1.9,3.6,53.8,43.5,7.8,0,0.1,0.7,0.1,0,0.1,66.7,33.3,0,0.3,0.4,0.7,3070.9,393.71,0.58,0.31,0.27,4.1,4.34,3.85
Kira Lewis Jr.,NOP,1.7,3.5,47.4,47.1,9.4,0.1,0.2,0.7,0,0.1,0.1,0,100,0,0.6,0.8,1.4,3974.4,422.81,0.75,0.39,0.36,4.46,4.76,4.18
Kenneth Lofton Jr.,MEM,1.8,3.4,53.2,48,7.3,0.5,1,0.4,0.1,0,0.2,75,25,0,1,0.5,1.5,2728.7,373.79,0.52,0.28,0.24,3.91,4.16,3.65
Jonathan Isaac,ORL,1.7,3.4,51.4,48.9,11.3,0.4,0.8,1.7,0,0.2,0.2,0,100,0,1.1,0.6,1.6,4712.1,417.00,0.89,0.48,0.41,4.42,4.66,4.17
Vince Williams Jr.,MEM,1.4,3.4,40.5,44.7,7,0.2,0.5,0.6,0.1,0,0.1,100,0,0.07,0.4,0.5,0.9,2875.9,410.84,0.54,0.28,0.27,4.36,4.43,4.19
Patrick Baldwin,GSW,1.8,3.4,53.6,47.8,7.3,0.1,0.2,0.2,0,0,0,100,0,0,0.9,0.3,1.3,2965,406.16,0.56,0.31,0.25,4.28,4.74,3.83
JD Davison,BOS,1.3,3.3,39.1,43.6,5.5,0,0,0.3,0,0,0,0,0,0,0.3,0.3,0.7,2115.3,384.60,0.4,0.22,0.18,4.07,4.24,3.87
Sam Merrill,CLE,1,3.3,30.8,46.5,11.7,0.2,0.4,0,0,0.4,0.4,0,100,0,0.2,1,1.2,4874,416.58,0.92,0.5,0.42,4.34,4.87,3.85
PJ Dozier,SAC,1.2,3.1,39.3,47.8,5,0.1,0.1,0.4,0,0.1,0.1,0,100,0.06,0.4,0.3,0.7,2074.1,414.82,0.39,0.22,0.18,4.36,4.72,3.87
Justin Jackson,BOS,1.2,3.1,40,43.8,4.7,0,0,0.1,0,0.2,0.2,0,100,0,0.5,0.4,1,1817.5,386.70,0.34,0.19,0.16,4.07,4.3,3.83
Dalen Terry,CHI,1.4,3,46.8,43.8,5.6,0,0.1,0.5,0.1,0,0.1,80,20,0.03,0.4,0.6,0.9,2382.7,425.48,0.45,0.23,0.22,4.4,4.68,4.1
Jason Preston,LAC,1.6,3,54.5,46.2,8.8,0.1,0.3,0.1,0,0.1,0.1,0,100,0,0.4,0.6,1.1,3588.4,407.77,0.68,0.36,0.32,4.24,4.65,3.85
Trevelin Queen,IND,1.2,3,38.9,47.2,10,0,0,1,0.1,0,0.1,100,0,0,1,0.7,1.7,4149.6,414.96,0.79,0.43,0.36,4.4,5.01,3.83
Boban Marjanovic,HOU,1.6,3,54.3,48.3,5.5,0.6,1.2,0.2,0,0,0,100,0,0,1.1,0.3,1.3,1937.6,352.29,0.37,0.18,0.18,3.69,3.89,3.52
Ryan Rollins,GSW,1.3,3,42.9,43.1,5.2,0.1,0.2,0.4,0,0,0,0,0,0,0.4,0.3,0.7,2199.4,422.96,0.42,0.22,0.19,4.47,4.7,4.23
Vit Krejci,ATL,1.3,3,43.3,42.4,5.7,0.1,0.2,0.3,0.1,0,0.1,66.7,33.3,0,0.8,0.5,1.3,2254.2,395.47,0.43,0.23,0.2,4.13,4.49,3.78
Garrett Temple,NOP,1.3,2.9,46.7,44.2,6.5,0,0.1,0.6,0.1,0.1,0.2,50,50,0,0.5,0.4,0.9,2642.8,406.58,0.5,0.27,0.23,4.27,4.64,3.9
Facundo Campazzo,DAL,0.8,2.8,28.6,41.1,6.5,0,0,0.9,0.1,0.3,0.4,33.3,66.7,0.13,0.4,0.4,0.8,2680.9,412.45,0.51,0.28,0.23,4.34,4.68,3.8
Alize Johnson,SAS,0.3,2.8,9.1,46.1,7.4,0.5,1.3,0.5,0,0.3,0.3,0,100,0,0.8,0.3,1,3226.5,436.01,0.61,0.34,0.27,4.52,5.03,4.03
Mfiondu Kabengele,BOS,1.5,2.8,54.5,52.8,9.1,1,2.5,0.5,0.3,0.3,0.5,50,50,0,2.5,0.5,3,3363.3,369.59,0.64,0.35,0.28,3.83,4.02,3.61
Jaden Springer,PHI,1.6,2.7,60,46.1,5.6,0,0,0.4,0.1,0.3,0.3,20,80,0,0.4,0.4,0.9,2301.4,410.96,0.44,0.24,0.2,4.32,4.43,4.18
Leandro Bolmaro,UTA,1.4,2.7,51.9,44.7,4.9,0,0,0.5,0.1,0,0.1,100,0,0,0.4,0.2,0.6,2116.3,431.90,0.4,0.21,0.19,4.49,4.73,4.24
Wendell Moore Jr.,MIN,1.6,2.6,59.6,47.2,5.3,0.1,0.2,0.5,0,0,0.1,50,50,0.03,0.3,0.2,0.5,2365.5,446.32,0.45,0.24,0.21,4.66,5.2,4.21
Dylan Windler,CLE,1.5,2.5,60,41.1,3.5,0,0,0.7,0,0,0,0,0,0,0.3,0.3,0.7,1441.3,411.80,0.27,0.15,0.12,4.1,5.2,4.04
Xavier Moon,LAC,1.5,2.5,60,41.6,4.9,0,0,0,0,0,0,0,0,0,0.3,0,0.3,1910.8,389.96,0.36,0.2,0.16,3.92,4.42,3.41
Kobi Simmons,CHA,1,2.4,41.7,43.8,5.6,0,0,0.2,0,0,0,0,0,0,0.8,0.8,1.6,2345.4,418.82,0.44,0.22,0.22,4.39,4.33,4.44
Scotty Pippen Jr.,LAL,0.8,2.4,33.3,40.2,5.3,0,0,0.5,0.2,0.2,0.3,50,50,0,0.2,0.2,0.3,2216.3,418.17,0.42,0.22,0.2,4.32,4.71,3.96
Joe Wieskamp,TOR,0.6,2.4,26.3,42.2,5.5,0.1,0.2,0.1,0,0,0,0,0,0,0.4,0.7,1.1,2383.1,433.29,0.45,0.25,0.21,4.62,4.91,4.33
Keon Ellis,SAC,1.3,2.4,52.6,48.9,4.4,0,0,0.3,0.2,0.1,0.3,60,40,0,0.1,0.3,0.4,1823.4,414.41,0.35,0.18,0.17,4.26,4.4,4.12
Lester Quinones,GSW,0.7,2.3,28.6,43.7,4.5,0.3,0.8,0.3,0,0,0,0,0,0,0.3,1,1.3,2013.5,447.44,0.38,0.23,0.15,4.55,4.95,4.05
Trevor Hudgins,HOU,1.3,2.3,57.1,46.2,5.7,0,0,0.2,0.2,0,0.2,100,0,0,0.2,0.2,0.4,2196.6,385.37,0.42,0.23,0.19,4.07,4.39,3.76
Justin Champagnie,BOS,1.3,2.3,57.1,42.7,6.9,0,0,0.4,0.4,0.4,0.8,50,50,0,0,0.2,0.2,2783.2,403.36,0.53,0.28,0.24,4.28,4.25,4.32
Greg Brown III,POR,0.6,2.2,27.3,46.6,5.8,0,0,0.6,0.1,0,0.1,100,0,0,0.5,0.3,0.8,2229.7,384.43,0.42,0.22,0.21,4.01,4.11,3.91
Jack White,DEN,0.9,2.2,41.7,50.5,3.9,0.1,0.2,0.3,0,0,0,0,0,0,0.3,0.5,0.8,1514.4,388.31,0.29,0.17,0.12,4.06,4.33,3.73
Darius Days,HOU,0.7,2,33.3,45.6,6.2,0,0,0.8,0,0,0,0,0,0,0.3,0.5,0.8,2579,415.97,0.49,0.25,0.24,4.37,4.3,4.44
Tyrese Martin,ATL,1.1,2,55,45.8,4.1,0,0,0.1,0.1,0,0.1,100,0,0,0.2,0.4,0.6,1652.8,403.12,0.31,0.17,0.15,4.21,4.49,3.93
Sterling Brown,LAL,1,2,50,47,6.1,0,0,0.8,0,0,0,0,0,0,0,0.3,0.3,2630.8,431.28,0.5,0.26,0.24,4.45,4.38,4.54
Ron Harper Jr.,TOR,1,1.8,54.5,43.2,5.3,0.1,0.2,0.1,0,0,0,0,0,0,0.2,0.3,0.6,2166,408.68,0.41,0.23,0.18,4.31,4.93,3.7
Tony Bradley,CHI,1.1,1.8,60,49.3,2.8,0.3,0.7,0.1,0,0,0,0,0,0,1,0.3,1.3,1232.5,440.18,0.23,0.12,0.12,4.35,4.68,4.07
Marko Simonovic,CHI,1,1.7,60,51.7,2.8,0.3,0.7,0,0,0,0,0,0,0,0.4,0,0.4,1224.8,437.43,0.23,0.11,0.12,4.06,4.79,3.52
Tyler Dorsey,DAL,1,1.5,66.7,44,2.8,0,0,0,0,0,0,0,0,0,0.3,0,0.3,909.3,324.75,0.17,0.09,0.08,3.35,3.97,2.72
Malcolm Hill,CHI,0.5,1.5,33.3,42,1.8,0,0,0,0,0,0,0,0,0,0,0.4,0.4,740.5,411.39,0.14,0.07,0.07,4.18,4.46,3.92
Braxton Key,DET,0.5,1.5,33.3,45.3,3,0.7,1.3,0,0,0,0,0,0,0,1,0,1,1299,433.00,0.25,0.11,0.13,4.19,4.91,3.77
Dereon Seabron,NOP,0.6,1.4,42.9,48.4,2.3,0,0,0,0,0,0,0,0,0,0.2,0.2,0.4,947.2,411.83,0.18,0.09,0.09,4.15,5.21,3.31
Vernon Carey Jr.,UTA,0.2,1.3,12.5,44.1,2.6,0.2,0.4,0.2,0.1,0.1,0.2,50,50,0,0.6,0.4,0.9,1029.6,396.00,0.2,0.11,0.08,4,4.1,3.87
Donovan Williams,ATL,0,1,0,67.4,2.1,0,0,0,0,0,0,0,0,0,0,0,0,902.5,429.76,0.17,0.08,0.09,3.82,5.65,4.64
Stanley Umude,DET,0,1,0,42.1,2.1,0,0,1,0,0,0,0,0,0,1,0,1,932,443.81,0.18,0.08,0.09,4.66,6.81,3.54
Deonte Burton,SAC,1,1,100,52.7,3.3,0,0,0,0,0,0,0,0,0,0.5,0,0.5,1447.5,438.64,0.27,0.14,0.14,4.05,5.65,4.27
,,,,,,,,,,,,,,,,,,,,,,,,,,
,,,,,,,,,,,,,,,,,,,,,,,,,,
,,,,,,,,,,,,,,,,,,,,,,,,,,
,,,,,,,,,,,,,,,,,,,,,,,,,,
,,,,,,,,,,,,,,,,,,,,,,,,,,
,,,,,,,,,,,,,,,,,,,,,,,,,,
,,,,,,,,,,,,,,,,,,,,,,,,,,
,,,,,,,,,,,,,,,,,,,,,,,,,,
,,,,,,,,,,,,,,,,,,,,,,,,,,
,,,,,,,,,,,,,,,,,,,,,,,,,,
,,,,,,,,,,,,,,,,,,,,,,,,,,
,,,,,,,,,,,,,,,,,,,,,,,,,,
,,,,,,,,,,,,,,,,,,,,,,,,,,
,,,,,,,,,,,,,,,,,,,,,,,,,,
,,,,,,,,,,,,,,,,,,,,,,,,,,
,,,,,,,,,,,,,,,,,,,,,,,,,,
,,,,,,,,,,,,,,,,,,,,,,,,,,
,,,,,,,,,,,,,,,,,,,,,,,,,,
,,,,,,,,,,,,,,,,,,,,,,,,,,
,,,,,,,,,,,,,,,,,,,,,,,,,,
,,,,,,,,,,,,,,,,,,,,,,,,,,
,,,,,,,,,,,,,,,,,,,,,,,,,,
,,,,,,,,,,,,,,,,,,,,,,,,,,
,,,,,,,,,,,,,,,,,,,,,,,,,,
,,,,,,,,,,,,,,,,,,,,,,,,,,
,,,,,,,,,,,,,,,,,,,,,,,,,,
,,,,,,,,,,,,,,,,,,,,,,,,,,
,,,,,,,,,,,,,,,,,,,,,,,,,,
,,,,,,,,,,,,,,,,,,,,,,,,,,
,,,,,,,,,,,,,,,,,,,,,,,,,,
,,,,,,,,,,,,,,,,,,,,,,,,,,
,,,,,,,,,,,,,,,,,,,,,,,,,,
,,,,,,,,,,,,,,,,,,,,,,,,,,
,,,,,,,,,,,,,,,,,,,,,,,,,,
,,,,,,,,,,,,,,,,,,,,,,,,,,
,,,,,,,,,,,,,,,,,,,,,,,,,,
,,,,,,,,,,,,,,,,,,,,,,,,,,
,,,,,,,,,,,,,,,,,,,,,,,,,,
,,,,,,,,,,,,,,,,,,,,,,,,,,
,,,,,,,,,,,,,,,,,,,,,,,,,,
,,,,,,,,,,,,,,,,,,,,,,,,,,
,,,,,,,,,,,,,,,,,,,,,,,,,,
,,,,,,,,,,,,,,,,,,,,,,,,,,
,,,,,,,,,,,,,,,,,,,,,,,,,,